2020,AnimalEthicsProject,CAAmt,Employee2000,Employee2001,Employee2002,Employee2003,Employee2004,Employee2005,Employee2006,Employee2007,Employee2008,Employee2009,Employee2010,Employee2011,Employee2012,Employee2013,Employee2014,Employee2015,Employee2016,Employee2017,Employee2018,Employee2019,Employee2020,Employee2021,Employee2022,EmployeeGrowthPct2000,EmployeeGrowthPct2001,EmployeeGrowthPct2002,EmployeeGrowthPct2003,EmployeeGrowthPct2004,EmployeeGrowthPct2005,EmployeeGrowthPct2006,EmployeeGrowthPct2007,EmployeeGrowthPct2008,EmployeeGrowthPct2009,EmployeeGrowthPct2010,EmployeeGrowthPct2011,EmployeeGrowthPct2012,EmployeeGrowthPct2013,EmployeeGrowthPct2014,EmployeeGrowthPct2015,EmployeeGrowthPct2016,EmployeeGrowthPct2017,EmployeeGrowthPct2018,EmployeeGrowthPct2019,EmployeeGrowthPct2020,EmployeeGrowthPct2021,EmployeeGrowthPct2022,FinancialMonitoringRating,HumanEthicsProject,IncorporationYear,InternationalProject,NoteText,NoteType,OrgID,OrgName,OrganizationID,ProjectCompleteDate,ProjectNo,ProjectStartDate,ProjectType,Province,Revenue2000,Revenue2001,Revenue2002,Revenue2003,Revenue2004,Revenue2005,Revenue2006,Revenue2007,Revenue2008,Revenue2009,Revenue2010,Revenue2011,Revenue2012,Revenue2013,Revenue2014,Revenue2015,Revenue2016,Revenue2017,Revenue2018,Revenue2019,Revenue2020,Revenue2021,Revenue2022,RevenueGrowthPct2000,RevenueGrowthPct2001,RevenueGrowthPct2002,RevenueGrowthPct2003,RevenueGrowthPct2004,RevenueGrowthPct2005,RevenueGrowthPct2006,RevenueGrowthPct2007,RevenueGrowthPct2008,RevenueGrowthPct2009,RevenueGrowthPct2010,RevenueGrowthPct2011,RevenueGrowthPct2012,RevenueGrowthPct2013,RevenueGrowthPct2014,RevenueGrowthPct2015,RevenueGrowthPct2016,RevenueGrowthPct2017,RevenueGrowthPct2018,RevenueGrowthPct2019,RevenueGrowthPct2020,RevenueGrowthPct2021,RevenueGrowthPct2022
No,No-Non,1000000,,,,,,,1,,,,,,,,,,,,,,,,,,,,,,,,,,,,,,,,,,,,,,,,Medium,No-Non,2004,No-Non,TrainingText 1,BusinessCaseSummary,0,0,0,2009-08-30 20:00,0,2007-09-30 20:00,IRAP,BC,,,,,,,94080.78814,12927.00382,21031.20007,62897.35178,41399.97374,1671.22317,50872.04633,5630.637626,,,,,,,,,,,,,,,,,,,,,,,,,,,,,,,,
No,No-Non,1000000,,,,,,,1,,,,,,,,,,,,,,,,,,,,,,,,,,,,,,,,,,,,,,,,Medium,No-Non,2004,No-Non,TrainingText 2,BusinessCaseSummary,0,0,0,2009-08-31 20:00,0,2007-10-01 20:00,IRAP,BC,,,,,,,49533.99066,88460.80294,8873.803651,29265.47147,58208.87285,39782.02514,88794.43229,80336.29572,,,,,,,,,,,,,,,,,,,,,,,,,,,,,,,,
No,No-Non,1000000,,,,,,,1,,,,,,,,,,,,,,,,,,,,,,,,,,,,,,,,,,,,,,,,Medium,No-Non,2004,No-Non,TrainingText 3,BusinessCaseSummary,0,0,0,2009-09-01 20:00,0,2007-10-02 20:00,IRAP,BC,,,,,,,72340.20071,95011.57083,98439.0794,63117.56279,92655.4013,43465.96898,77142.68096,94854.70872,,,,,,,,,,,,,,,,,,,,,,,,,,,,,,,,
No,No-Non,1000000,,,,,,,1,,,,,,,,,,,,,,,,,,,,,,,,,,,,,,,,,,,,,,,,Medium,No-Non,2004,No-Non,TrainingText 4,BusinessCaseSummary,0,0,0,2009-09-02 20:00,0,2007-10-03 20:00,IRAP,BC,,,,,,,47471.99284,62673.39837,32934.18594,32193.70232,58943.38347,37356.87226,71648.9758,46779.50052,,,,,,,,,,,,,,,,,,,,,,,,,,,,,,,,
No,No-Non,1000000,,,,,,,1,,,,,,,,,,,,,,,,,,,,,,,,,,,,,,,,,,,,,,,,Medium,No-Non,2004,No-Non,TrainingText 5,BusinessCaseSummary,0,0,0,2009-09-03 20:00,0,2007-10-04 20:00,IRAP,SK,,,,,,,23913.60986,60903.43533,64608.94986,45524.92214,50616.93216,23812.83245,26926.8492,70377.79098,,,,,,,,,,,,,,,,,,,,,,,,,,,,,,,,
No,No-Non,1000000,,,,,,,1,,,,,,,,,,,,,,,,,,,,,,,,,,,,,,,,,,,,,,,,Medium,No-Non,2004,No-Non,TrainingText 6,BusinessCaseSummary,0,0,0,2009-09-04 20:00,0,2007-10-05 20:00,IRAP,BC,,,,,,,78640.95483,70607.15922,97223.65779,21991.4886,63686.5832,78858.45296,5471.296958,22549.10981,,,,,,,,,,,,,,,,,,,,,,,,,,,,,,,,
No,No-Non,1000000,,,,,,,1,,,,,,,,,,,,,,,,,,,,,,,,,,,,,,,,,,,,,,,,Medium,No-Non,2004,No-Non,TrainingText 7,BusinessCaseSummary,0,0,0,2009-09-05 20:00,0,2007-10-06 20:00,IRAP,BC,,,,,,,1339.428155,65703.2849,25807.28929,56746.91398,68986.09615,89393.29637,78116.91865,31918.60205,,,,,,,,,,,,,,,,,,,,,,,,,,,,,,,,
No,No-Non,1000000,,,,,,,1,,,,,,,,,,,,,,,,,,,,,,,,,,,,,,,,,,,,,,,,Medium,No-Non,2004,No-Non,TrainingText 8,BusinessCaseSummary,0,0,0,2009-09-06 20:00,0,2007-10-07 20:00,IRAP,YT,,,,,,,68767.18069,19487.50006,8335.623106,35512.70286,35803.93831,24796.90776,49279.10582,54642.74978,,,,,,,,,,,,,,,,,,,,,,,,,,,,,,,,
No,No-Non,1000000,,,,,,,1,,,,,,,,,,,,,,,,,,,,,,,,,,,,,,,,,,,,,,,,Medium,No-Non,2004,No-Non,TrainingText 9,BusinessCaseSummary,0,0,0,2009-09-07 20:00,0,2007-10-08 20:00,IRAP,BC,,,,,,,70620.08743,99860.14505,75015.34262,91373.3659,19740.60984,29433.91766,91127.62585,94355.34679,,,,,,,,,,,,,,,,,,,,,,,,,,,,,,,,
No,No-Non,1000000,,,,,,,1,,,,,,,,,,,,,,,,,,,,,,,,,,,,,,,,,,,,,,,,Medium,No-Non,2004,No-Non,TrainingText 10,BusinessCaseSummary,0,0,0,2009-09-08 20:00,0,2007-10-09 20:00,IRAP,BC,,,,,,,56672.21105,88945.67026,71170.40318,34046.9043,60542.03239,52265.62352,22762.01462,73238.42175,,,,,,,,,,,,,,,,,,,,,,,,,,,,,,,,
No,No-Non,1000000,,,,,,,1,,,,,,,,,,,,,,,,,,,,,,,,,,,,,,,,,,,,,,,,Medium,No-Non,2004,No-Non,TrainingText 11,BusinessCaseSummary,0,0,0,2009-09-09 20:00,0,2007-10-10 20:00,IRAP,BC,,,,,,,52283.04024,40576.44664,17789.88601,37505.91889,23049.89986,74201.39437,31753.32727,83936.94083,,,,,,,,,,,,,,,,,,,,,,,,,,,,,,,,
No,No-Non,1000000,,,,,,,1,,,,,,,,,,,,,,,,,,,,,,,,,,,,,,,,,,,,,,,,Medium,No-Non,2004,No-Non,TrainingText 12,BusinessCaseSummary,0,0,0,2009-09-10 20:00,0,2007-10-11 20:00,IRAP,BC,,,,,,,60609.20936,96442.04666,48210.21948,13377.07561,69520.5321,31337.71551,30143.60659,30587.91885,,,,,,,,,,,,,,,,,,,,,,,,,,,,,,,,
No,No-Non,1000000,,,,,,,1,,,,,,,,,,,,,,,,,,,,,,,,,,,,,,,,,,,,,,,,Medium,No-Non,2004,No-Non,TrainingText 13,BusinessCaseSummary,0,0,0,2009-09-11 20:00,0,2007-10-12 20:00,IRAP,ON,,,,,,,53513.64214,74359.92085,73507.78399,24187.70861,40517.25871,25599.51054,77988.44654,46312.48114,,,,,,,,,,,,,,,,,,,,,,,,,,,,,,,,
No,No-Non,1000000,,,,,,,1,,,,,,,,,,,,,,,,,,,,,,,,,,,,,,,,,,,,,,,,Medium,No-Non,2004,No-Non,TrainingText 14,BusinessCaseSummary,0,0,0,2009-09-12 20:00,0,2007-10-13 20:00,IRAP,BC,,,,,,,9069.317553,86664.94371,96574.08147,42783.08878,14048.75135,55390.10292,79750.84507,11565.80083,,,,,,,,,,,,,,,,,,,,,,,,,,,,,,,,
No,No-Non,1000000,,,,,,,1,,,,,,,,,,,,,,,,,,,,,,,,,,,,,,,,,,,,,,,,Medium,No-Non,2004,No-Non,TrainingText 15,BusinessCaseSummary,0,0,0,2009-09-13 20:00,0,2007-10-14 20:00,IRAP,BC,,,,,,,40578.65439,54046.84202,40374.31651,7941.018118,64735.21954,59934.93782,3447.044962,94533.4495,,,,,,,,,,,,,,,,,,,,,,,,,,,,,,,,
No,No-Non,1000000,,,,,,,1,,,,,,,,,,,,,,,,,,,,,,,,,,,,,,,,,,,,,,,,Medium,No-Non,2004,No-Non,TrainingText 16,BusinessCaseSummary,0,0,0,2009-09-14 20:00,0,2007-10-15 20:00,IRAP,BC,,,,,,,11640.29534,55862.81193,44502.69526,46998.86792,12956.43172,99339.28437,73384.79276,48533.92477,,,,,,,,,,,,,,,,,,,,,,,,,,,,,,,,
No,No-Non,1000000,,,,,,,1,,,,,,,,,,,,,,,,,,,,,,,,,,,,,,,,,,,,,,,,Medium,No-Non,2004,No-Non,TrainingText 17,BusinessCaseSummary,0,0,0,2009-09-15 20:00,0,2007-10-16 20:00,IRAP,BC,,,,,,,77128.82521,29420.4041,40661.04926,79968.26207,26617.54304,14227.51074,36310.78142,22791.70443,,,,,,,,,,,,,,,,,,,,,,,,,,,,,,,,
No,No-Non,1000000,,,,,,,1,,,,,,,,,,,,,,,,,,,,,,,,,,,,,,,,,,,,,,,,Medium,No-Non,2004,No-Non,TrainingText 18,BusinessCaseSummary,0,0,0,2009-09-16 20:00,0,2007-10-17 20:00,IRAP,BC,,,,,,,26008.25207,14185.14893,9229.064375,51148.88263,41948.83049,12513.19845,43054.56152,79752.85499,,,,,,,,,,,,,,,,,,,,,,,,,,,,,,,,
No,No-Non,1000000,,,,,,,1,,,,,,,,,,,,,,,,,,,,,,,,,,,,,,,,,,,,,,,,Medium,No-Non,2004,No-Non,TrainingText 19,BusinessCaseSummary,0,0,0,2009-09-17 20:00,0,2007-10-18 20:00,IRAP,BC,,,,,,,38828.59784,18579.29894,88132.95249,70189.78973,60102.28775,61443.9869,86840.23508,38106.24802,,,,,,,,,,,,,,,,,,,,,,,,,,,,,,,,
No,No-Non,1000000,,,,,,,1,,,,,,,,,,,,,,,,,,,,,,,,,,,,,,,,,,,,,,,,Medium,No-Non,2004,No-Non,TrainingText 20,BusinessCaseSummary,0,0,0,2009-09-18 20:00,0,2007-10-19 20:00,IRAP,BC,,,,,,,11468.17151,12165.46962,28834.55239,34133.06337,39326.6028,76977.85523,99163.24164,35632.94872,,,,,,,,,,,,,,,,,,,,,,,,,,,,,,,,
No,No-Non,1000000,,,,,,,1,,,,,,,,,,,,,,,,,,,,,,,,,,,,,,,,,,,,,,,,Medium,No-Non,2004,No-Non,TrainingText 21,BusinessCaseSummary,0,0,0,2009-09-19 20:00,0,2007-10-20 20:00,IRAP,BC,,,,,,,39718.44707,64796.39976,4846.836541,91562.02127,8039.953357,69382.49171,84567.0506,1913.039736,,,,,,,,,,,,,,,,,,,,,,,,,,,,,,,,
No,No-Non,1000000,,,,,,,1,,,,,,,,,,,,,,,,,,,,,,,,,,,,,,,,,,,,,,,,Medium,No-Non,2004,No-Non,TrainingText 22,BusinessCaseSummary,0,0,0,2009-09-20 20:00,0,2007-10-21 20:00,IRAP,BC,,,,,,,32402.42296,26909.69421,33208.48567,49087.26264,1390.343544,97199.66978,91457.18304,1391.949629,,,,,,,,,,,,,,,,,,,,,,,,,,,,,,,,
No,No-Non,1000000,,,,,,,1,,,,,,,,,,,,,,,,,,,,,,,,,,,,,,,,,,,,,,,,Medium,No-Non,2004,No-Non,TrainingText 23,BusinessCaseSummary,0,0,0,2009-09-21 20:00,0,2007-10-22 20:00,IRAP,BC,,,,,,,10441.85112,82463.19197,36921.27299,80844.83379,82839.29693,71552.91107,89962.64593,47301.73742,,,,,,,,,,,,,,,,,,,,,,,,,,,,,,,,
No,No-Non,1000000,,,,,,,1,,,,,,,,,,,,,,,,,,,,,,,,,,,,,,,,,,,,,,,,Medium,No-Non,2004,No-Non,TrainingText 24,BusinessCaseSummary,0,0,0,2009-09-22 20:00,0,2007-10-23 20:00,IRAP,BC,,,,,,,18871.87564,58242.36192,24526.25091,79641.18567,26759.94599,43963.57885,43576.07222,1725.674031,,,,,,,,,,,,,,,,,,,,,,,,,,,,,,,,
No,No-Non,1000000,,,,,,,1,,,,,,,,,,,,,,,,,,,,,,,,,,,,,,,,,,,,,,,,Medium,No-Non,2004,No-Non,TrainingText 25,BusinessCaseSummary,0,0,0,2009-09-23 20:00,0,2007-10-24 20:00,IRAP,BC,,,,,,,21462.43095,3623.056743,86754.76546,15238.95193,76305.35691,52621.42624,77844.17843,97119.50594,,,,,,,,,,,,,,,,,,,,,,,,,,,,,,,,
No,No-Non,1000000,,,,,,,1,,,,,,,,,,,,,,,,,,,,,,,,,,,,,,,,,,,,,,,,Medium,No-Non,2004,No-Non,TrainingText 26,BusinessCaseSummary,0,0,0,2009-09-24 20:00,0,2007-10-25 20:00,IRAP,BC,,,,,,,66290.82348,27329.17039,31034.0176,5511.685028,52048.85146,33550.44432,76908.85181,87234.14761,,,,,,,,,,,,,,,,,,,,,,,,,,,,,,,,
No,No-Non,1000000,,,,,,,1,,,,,,,,,,,,,,,,,,,,,,,,,,,,,,,,,,,,,,,,Medium,No-Non,2004,No-Non,TrainingText 27,BusinessCaseSummary,0,0,0,2009-09-25 20:00,0,2007-10-26 20:00,IRAP,BC,,,,,,,9778.716309,78857.19426,47155.34476,15507.13545,90262.45238,67643.30362,37862.29991,79526.6426,,,,,,,,,,,,,,,,,,,,,,,,,,,,,,,,
No,No-Non,1000000,,,,,,,1,,,,,,,,,,,,,,,,,,,,,,,,,,,,,,,,,,,,,,,,Medium,No-Non,2004,No-Non,TrainingText 28,BusinessCaseSummary,0,0,0,2009-09-26 20:00,0,2007-10-27 20:00,IRAP,BC,,,,,,,45710.13907,64514.25894,99556.13807,87811.12442,37828.00766,74052.72947,34755.63546,96288.50055,,,,,,,,,,,,,,,,,,,,,,,,,,,,,,,,
No,No-Non,1000000,,,,,,,1,,,,,,,,,,,,,,,,,,,,,,,,,,,,,,,,,,,,,,,,Medium,No-Non,2004,No-Non,TrainingText 29,BusinessCaseSummary,0,0,0,2009-09-27 20:00,0,2007-10-28 20:00,IRAP,BC,,,,,,,99422.73381,63686.90636,9618.392456,37805.89821,99903.13803,13187.42342,1949.070239,16924.59342,,,,,,,,,,,,,,,,,,,,,,,,,,,,,,,,
No,No-Non,1000000,,,,,,,1,,,,,,,,,,,,,,,,,,,,,,,,,,,,,,,,,,,,,,,,Medium,No-Non,2004,No-Non,TrainingText 30,BusinessCaseSummary,0,0,0,2009-09-28 20:00,0,2007-10-29 20:00,IRAP,BC,,,,,,,53955.52639,72519.50748,74678.15513,25181.738,34848.71251,48360.38159,76011.37275,63696.02157,,,,,,,,,,,,,,,,,,,,,,,,,,,,,,,,
No,No-Non,1000000,,,,,,,1,,,,,,,,,,,,,,,,,,,,,,,,,,,,,,,,,,,,,,,,Medium,No-Non,2004,No-Non,TrainingText 31,BusinessCaseSummary,0,0,0,2009-09-29 20:00,0,2007-10-30 20:00,IRAP,BC,,,,,,,5164.463911,9349.837947,53751.71279,81571.0089,56606.61742,87860.0749,39888.10131,3557.33263,,,,,,,,,,,,,,,,,,,,,,,,,,,,,,,,
No,No-Non,1000000,,,,,,,1,,,,,,,,,,,,,,,,,,,,,,,,,,,,,,,,,,,,,,,,Medium,No-Non,2004,No-Non,TrainingText 32,BusinessCaseSummary,0,0,0,2009-09-30 20:00,0,2007-10-31 20:00,IRAP,BC,,,,,,,604.7985358,96564.77897,32522.53079,60230.59945,85908.30605,86926.98686,78560.91572,28464.1338,,,,,,,,,,,,,,,,,,,,,,,,,,,,,,,,
No,No-Non,1000000,,,,,,,1,,,,,,,,,,,,,,,,,,,,,,,,,,,,,,,,,,,,,,,,Medium,No-Non,2004,No-Non,TrainingText 33,BusinessCaseSummary,0,0,0,2009-10-01 20:00,0,2007-11-01 20:00,IRAP,BC,,,,,,,37075.47288,47274.02767,13691.49771,88029.9741,78892.94939,89337.40731,95894.81618,43306.32805,,,,,,,,,,,,,,,,,,,,,,,,,,,,,,,,
No,No-Non,1000000,,,,,,,1,,,,,,,,,,,,,,,,,,,,,,,,,,,,,,,,,,,,,,,,Medium,No-Non,2004,No-Non,TrainingText 34,BusinessCaseSummary,0,0,0,2009-10-02 20:00,0,2007-11-02 20:00,IRAP,BC,,,,,,,28704.2114,40058.47417,31840.14837,39473.9202,16951.06203,8336.967979,35823.49965,73909.20843,,,,,,,,,,,,,,,,,,,,,,,,,,,,,,,,
No,No-Non,1000000,,,,,,,1,,,,,,,,,,,,,,,,,,,,,,,,,,,,,,,,,,,,,,,,Medium,No-Non,2004,No-Non,TrainingText 35,BusinessCaseSummary,0,0,0,2009-10-03 20:00,0,2007-11-03 20:00,IRAP,BC,,,,,,,18627.86278,90162.05549,95878.25218,4758.493679,6437.956175,17706.43119,41387.35284,11086.69724,,,,,,,,,,,,,,,,,,,,,,,,,,,,,,,,
No,No-Non,1000000,,,,,,,1,,,,,,,,,,,,,,,,,,,,,,,,,,,,,,,,,,,,,,,,Medium,No-Non,2004,No-Non,TrainingText 36,BusinessCaseSummary,0,0,0,2009-10-04 20:00,0,2007-11-04 20:00,IRAP,BC,,,,,,,5304.782681,54867.23427,38837.75176,78843.67943,54695.40312,87738.55421,91819.42357,91818.5596,,,,,,,,,,,,,,,,,,,,,,,,,,,,,,,,
No,No-Non,1000000,,,,,,,1,,,,,,,,,,,,,,,,,,,,,,,,,,,,,,,,,,,,,,,,Medium,No-Non,2004,No-Non,TrainingText 37,BusinessCaseSummary,0,0,0,2009-10-05 20:00,0,2007-11-05 20:00,IRAP,BC,,,,,,,33416.59038,77180.53807,98110.54534,9201.878933,28068.45312,76843.71338,61801.71792,71041.85073,,,,,,,,,,,,,,,,,,,,,,,,,,,,,,,,
No,No-Non,1000000,,,,,,,1,,,,,,,,,,,,,,,,,,,,,,,,,,,,,,,,,,,,,,,,Medium,No-Non,2004,No-Non,TrainingText 38,BusinessCaseSummary,0,0,0,2009-10-06 20:00,0,2007-11-06 20:00,IRAP,BC,,,,,,,24818.31644,93357.73314,10167.2897,19496.88697,321.3504534,42853.79238,30676.17078,3364.138523,,,,,,,,,,,,,,,,,,,,,,,,,,,,,,,,
No,No-Non,1000000,,,,,,,1,,,,,,,,,,,,,,,,,,,,,,,,,,,,,,,,,,,,,,,,Medium,No-Non,2004,No-Non,TrainingText 39,BusinessCaseSummary,0,0,0,2009-10-07 20:00,0,2007-11-07 20:00,IRAP,BC,,,,,,,16327.61559,6376.698176,74715.46484,86003.34545,93547.79044,84252.54901,76167.37089,61373.78345,,,,,,,,,,,,,,,,,,,,,,,,,,,,,,,,
No,No-Non,1000000,,,,,,,1,,,,,,,,,,,,,,,,,,,,,,,,,,,,,,,,,,,,,,,,Medium,No-Non,2004,No-Non,TrainingText 40,BusinessCaseSummary,0,0,0,2009-08-31 20:00,0,2007-11-08 20:00,IRAP,BC,,,,,,,61521.9584,68478.03084,73374.58275,29769.5692,84056.07552,78042.20374,62201.95527,26611.3298,,,,,,,,,,,,,,,,,,,,,,,,,,,,,,,,
No,No-Non,1000000,,,,,,,1,,,,,,,,,,,,,,,,,,,,,,,,,,,,,,,,,,,,,,,,Medium,No-Non,2004,No-Non,TrainingText 41,BusinessCaseSummary,0,0,0,2009-09-01 20:00,0,2007-11-09 20:00,IRAP,BC,,,,,,,13330.05722,65577.45428,97541.45206,8220.003931,25606.58488,1148.444377,95281.8078,7580.511416,,,,,,,,,,,,,,,,,,,,,,,,,,,,,,,,
No,No-Non,1000000,,,,,,,1,,,,,,,,,,,,,,,,,,,,,,,,,,,,,,,,,,,,,,,,Medium,No-Non,2004,No-Non,TrainingText 42,BusinessCaseSummary,0,0,0,2009-09-02 20:00,0,2007-11-10 20:00,IRAP,BC,,,,,,,73721.6031,75714.30036,39565.23929,22193.44347,35180.04615,8020.017892,92618.27037,96094.90589,,,,,,,,,,,,,,,,,,,,,,,,,,,,,,,,
No,No-Non,1000000,,,,,,,1,,,,,,,,,,,,,,,,,,,,,,,,,,,,,,,,,,,,,,,,Medium,No-Non,2004,No-Non,TrainingText 43,BusinessCaseSummary,0,0,0,2009-09-03 20:00,0,2007-11-11 20:00,IRAP,BC,,,,,,,13924.45744,83256.06608,46127.64409,25767.81018,9335.167193,42256.44755,76586.79477,2479.317695,,,,,,,,,,,,,,,,,,,,,,,,,,,,,,,,
No,No-Non,1000000,,,,,,,1,,,,,,,,,,,,,,,,,,,,,,,,,,,,,,,,,,,,,,,,Medium,No-Non,2004,No-Non,TrainingText 44,BusinessCaseSummary,0,0,0,2009-09-04 20:00,0,2007-11-12 20:00,IRAP,BC,,,,,,,51431.7968,7047.716073,23945.39432,74020.44026,76762.21574,96649.24114,54934.19311,48059.96397,,,,,,,,,,,,,,,,,,,,,,,,,,,,,,,,
No,No-Non,1000000,,,,,,,1,,,,,,,,,,,,,,,,,,,,,,,,,,,,,,,,,,,,,,,,Medium,No-Non,2004,No-Non,TrainingText 45,BusinessCaseSummary,0,0,0,2009-09-05 20:00,0,2007-11-13 20:00,IRAP,BC,,,,,,,47981.41985,33517.28613,10236.22896,68719.469,20927.4072,49255.48999,52345.68058,63383.86091,,,,,,,,,,,,,,,,,,,,,,,,,,,,,,,,
No,No-Non,1000000,,,,,,,1,,,,,,,,,,,,,,,,,,,,,,,,,,,,,,,,,,,,,,,,Medium,No-Non,2004,No-Non,TrainingText 46,BusinessCaseSummary,0,0,0,2009-09-06 20:00,0,2007-11-14 20:00,IRAP,BC,,,,,,,29304.8199,30270.13806,21795.2621,7937.566492,83107.6873,40715.5702,39368.70428,79887.21215,,,,,,,,,,,,,,,,,,,,,,,,,,,,,,,,
No,No-Non,1000000,,,,,,,1,,,,,,,,,,,,,,,,,,,,,,,,,,,,,,,,,,,,,,,,Medium,No-Non,2004,No-Non,TrainingText 47,BusinessCaseSummary,0,0,0,2009-09-07 20:00,0,2007-11-15 20:00,IRAP,BC,,,,,,,16337.42135,1226.320465,46978.89027,10135.8798,76784.10168,49694.02411,48060.17066,36559.4695,,,,,,,,,,,,,,,,,,,,,,,,,,,,,,,,
No,No-Non,1000000,,,,,,,1,,,,,,,,,,,,,,,,,,,,,,,,,,,,,,,,,,,,,,,,Medium,No-Non,2004,No-Non,TrainingText 48,BusinessCaseSummary,0,0,0,2009-09-08 20:00,0,2007-11-16 20:00,IRAP,BC,,,,,,,5136.104562,55288.97061,16389.72214,57761.79999,1964.240643,71854.7317,32424.70003,12194.521,,,,,,,,,,,,,,,,,,,,,,,,,,,,,,,,
No,No-Non,1000000,,,,,,,1,,,,,,,,,,,,,,,,,,,,,,,,,,,,,,,,,,,,,,,,Medium,No-Non,2004,No-Non,TrainingText 49,BusinessCaseSummary,0,0,0,2009-09-09 20:00,0,2007-11-17 20:00,IRAP,BC,,,,,,,34628.12761,34642.08755,10267.15015,91278.76787,3825.628828,96298.92194,81173.43345,40995.87778,,,,,,,,,,,,,,,,,,,,,,,,,,,,,,,,
No,No-Non,1000000,,,,,,,1,,,,,,,,,,,,,,,,,,,,,,,,,,,,,,,,,,,,,,,,Medium,No-Non,2004,No-Non,TrainingText 50,BusinessCaseSummary,0,0,0,2009-09-10 20:00,0,2007-11-18 20:00,IRAP,BC,,,,,,,21886.70124,73272.49591,26639.9516,41304.12964,48524.77738,94870.09215,28891.81751,93264.45461,,,,,,,,,,,,,,,,,,,,,,,,,,,,,,,,
No,No-Non,1000000,,,,,,,1,,,,,,,,,,,,,,,,,,,,,,,,,,,,,,,,,,,,,,,,Medium,No-Non,2004,No-Non,TrainingText 51,BusinessCaseSummary,0,0,0,2009-09-11 20:00,0,2007-11-19 20:00,IRAP,BC,,,,,,,22203.16059,31334.65767,46965.49213,87454.97269,22681.19947,81265.7538,21170.53779,31312.20335,,,,,,,,,,,,,,,,,,,,,,,,,,,,,,,,
No,No-Non,1000000,,,,,,,1,,,,,,,,,,,,,,,,,,,,,,,,,,,,,,,,,,,,,,,,Medium,No-Non,2004,No-Non,TrainingText 52,BusinessCaseSummary,0,0,0,2009-09-12 20:00,0,2007-11-20 20:00,IRAP,BC,,,,,,,20783.4143,71205.63791,98840.93116,34994.83968,62997.81915,84076.29066,50480.44907,88754.40155,,,,,,,,,,,,,,,,,,,,,,,,,,,,,,,,
No,No-Non,1000000,,,,,,,1,,,,,,,,,,,,,,,,,,,,,,,,,,,,,,,,,,,,,,,,Medium,No-Non,2004,No-Non,TrainingText 53,BusinessCaseSummary,0,0,0,2009-09-13 20:00,0,2007-11-21 20:00,IRAP,BC,,,,,,,63917.60339,1296.699799,36887.55578,5168.714345,47773.19709,79943.49426,58501.47687,99915.47102,,,,,,,,,,,,,,,,,,,,,,,,,,,,,,,,
No,No-Non,1000000,,,,,,,1,,,,,,,,,,,,,,,,,,,,,,,,,,,,,,,,,,,,,,,,Medium,No-Non,2004,No-Non,TrainingText 54,BusinessCaseSummary,0,0,0,2009-09-14 20:00,0,2007-11-22 20:00,IRAP,BC,,,,,,,39606.77657,82984.30846,868.0112248,534.2867084,30981.64605,18944.70767,64551.62503,75849.62049,,,,,,,,,,,,,,,,,,,,,,,,,,,,,,,,
No,No-Non,1000000,,,,,,,1,,,,,,,,,,,,,,,,,,,,,,,,,,,,,,,,,,,,,,,,Medium,No-Non,2004,No-Non,TrainingText 55,BusinessCaseSummary,0,0,0,2009-09-15 20:00,0,2007-11-23 20:00,IRAP,BC,,,,,,,65700.30495,44769.50507,58000.44059,72698.95088,35713.83254,32539.41252,52121.59165,66418.50924,,,,,,,,,,,,,,,,,,,,,,,,,,,,,,,,
No,No-Non,1000000,,,,,,,1,,,,,,,,,,,,,,,,,,,,,,,,,,,,,,,,,,,,,,,,Medium,No-Non,2004,No-Non,TrainingText 56,BusinessCaseSummary,0,0,0,2009-09-16 20:00,0,2007-11-24 20:00,IRAP,BC,,,,,,,28834.80556,23036.11985,37253.27882,59774.52558,16115.71065,27575.02769,87876.02741,72500.31833,,,,,,,,,,,,,,,,,,,,,,,,,,,,,,,,
No,No-Non,1000000,,,,,,,1,,,,,,,,,,,,,,,,,,,,,,,,,,,,,,,,,,,,,,,,Medium,No-Non,2004,No-Non,TrainingText 57,BusinessCaseSummary,0,0,0,2009-09-17 20:00,0,2007-11-25 20:00,IRAP,BC,,,,,,,26192.92343,17690.91665,19348.79316,72509.95117,85.00819959,70474.70205,54287.39748,48988.27701,,,,,,,,,,,,,,,,,,,,,,,,,,,,,,,,
No,No-Non,1000000,,,,,,,1,,,,,,,,,,,,,,,,,,,,,,,,,,,,,,,,,,,,,,,,Medium,No-Non,2004,No-Non,TrainingText 58,BusinessCaseSummary,0,0,0,2009-09-18 20:00,0,2007-11-26 20:00,IRAP,BC,,,,,,,73646.34877,75087.81964,58924.69844,67413.42963,8504.367062,21519.81353,48396.79279,41572.30024,,,,,,,,,,,,,,,,,,,,,,,,,,,,,,,,
No,No-Non,1000000,,,,,,,1,,,,,,,,,,,,,,,,,,,,,,,,,,,,,,,,,,,,,,,,Medium,No-Non,2004,No-Non,TrainingText 59,BusinessCaseSummary,0,0,0,2009-09-19 20:00,0,2007-11-27 20:00,IRAP,BC,,,,,,,63637.26524,2924.103339,70100.45777,20294.3181,14554.31052,39867.37472,61820.52182,96030.01819,,,,,,,,,,,,,,,,,,,,,,,,,,,,,,,,
No,No-Non,1000000,,,,,,,1,,,,,,,,,,,,,,,,,,,,,,,,,,,,,,,,,,,,,,,,Medium,No-Non,2004,No-Non,TrainingText 60,BusinessCaseSummary,0,0,0,2009-09-20 20:00,0,2007-11-28 20:00,IRAP,BC,,,,,,,8301.318182,16477.15864,99092.46703,86028.73653,72199.31795,34722.01306,7450.012466,13907.19356,,,,,,,,,,,,,,,,,,,,,,,,,,,,,,,,
No,No-Non,1000000,,,,,,,1,,,,,,,,,,,,,,,,,,,,,,,,,,,,,,,,,,,,,,,,Medium,No-Non,2004,No-Non,TrainingText 61,BusinessCaseSummary,0,0,0,2009-09-21 20:00,0,2007-11-29 20:00,IRAP,BC,,,,,,,14663.32496,12805.86379,58359.0542,25648.76703,3636.878708,35690.06687,771.3747376,50105.93179,,,,,,,,,,,,,,,,,,,,,,,,,,,,,,,,
No,No-Non,1000000,,,,,,,1,,,,,,,,,,,,,,,,,,,,,,,,,,,,,,,,,,,,,,,,Medium,No-Non,2004,No-Non,TrainingText 62,BusinessCaseSummary,0,0,0,2009-09-22 20:00,0,2007-11-30 20:00,IRAP,BC,,,,,,,41868.55641,49935.06291,73419.36287,10615.67578,54640.76436,54333.8714,81080.06794,6020.876323,,,,,,,,,,,,,,,,,,,,,,,,,,,,,,,,
No,No-Non,1000000,,,,,,,1,,,,,,,,,,,,,,,,,,,,,,,,,,,,,,,,,,,,,,,,Medium,No-Non,2004,No-Non,TrainingText 63,BusinessCaseSummary,0,0,0,2009-09-23 20:00,0,2007-12-01 20:00,IRAP,BC,,,,,,,41425.36886,71687.33228,83499.88544,15651.98102,49687.78124,97945.7982,98335.90306,81722.35177,,,,,,,,,,,,,,,,,,,,,,,,,,,,,,,,
No,No-Non,1000000,,,,,,,1,,,,,,,,,,,,,,,,,,,,,,,,,,,,,,,,,,,,,,,,Medium,No-Non,2004,No-Non,TrainingText 64,BusinessCaseSummary,0,0,0,2009-09-24 20:00,0,2007-12-02 20:00,IRAP,BC,,,,,,,25744.25256,90811.55694,98942.29738,93120.98782,45139.46048,51811.45693,43765.2444,11390.9067,,,,,,,,,,,,,,,,,,,,,,,,,,,,,,,,
No,No-Non,1000000,,,,,,,1,,,,,,,,,,,,,,,,,,,,,,,,,,,,,,,,,,,,,,,,Medium,No-Non,2004,No-Non,TrainingText 65,BusinessCaseSummary,0,0,0,2009-09-25 20:00,0,2007-12-03 20:00,IRAP,BC,,,,,,,97694.77086,94387.26573,53810.30433,47655.00026,93192.00437,22376.88821,36063.82557,59354.8547,,,,,,,,,,,,,,,,,,,,,,,,,,,,,,,,
No,No-Non,1000000,,,,,,,1,,,,,,,,,,,,,,,,,,,,,,,,,,,,,,,,,,,,,,,,Medium,No-Non,2004,No-Non,TrainingText 66,BusinessCaseSummary,0,0,0,2009-09-26 20:00,0,2007-12-04 20:00,IRAP,BC,,,,,,,85704.9135,46715.44513,65043.70036,77336.21675,11838.78592,5462.053684,40106.27927,60169.08974,,,,,,,,,,,,,,,,,,,,,,,,,,,,,,,,
No,No-Non,1000000,,,,,,,1,,,,,,,,,,,,,,,,,,,,,,,,,,,,,,,,,,,,,,,,Medium,No-Non,2004,No-Non,TrainingText 67,BusinessCaseSummary,0,0,0,2009-09-27 20:00,0,2007-12-05 20:00,IRAP,BC,,,,,,,95231.71145,3062.676997,32211.13364,8090.496405,85931.0685,44961.26755,88016.08362,52084.74691,,,,,,,,,,,,,,,,,,,,,,,,,,,,,,,,
No,No-Non,1000000,,,,,,,1,,,,,,,,,,,,,,,,,,,,,,,,,,,,,,,,,,,,,,,,Medium,No-Non,2004,No-Non,TrainingText 68,BusinessCaseSummary,0,0,0,2009-09-28 20:00,0,2007-12-06 20:00,IRAP,BC,,,,,,,41100.61669,26942.63552,8599.882971,22604.68996,79308.50012,79397.33533,65750.08854,95494.35729,,,,,,,,,,,,,,,,,,,,,,,,,,,,,,,,
No,No-Non,1000000,,,,,,,1,,,,,,,,,,,,,,,,,,,,,,,,,,,,,,,,,,,,,,,,Medium,No-Non,2004,No-Non,TrainingText 69,BusinessCaseSummary,0,0,0,2009-08-31 20:00,0,2007-12-07 20:00,IRAP,BC,,,,,,,1500.471881,93164.5405,26569.36335,92914.2848,81240.2429,74485.93742,6542.773241,8156.410196,,,,,,,,,,,,,,,,,,,,,,,,,,,,,,,,
No,No-Non,1000000,,,,,,,1,,,,,,,,,,,,,,,,,,,,,,,,,,,,,,,,,,,,,,,,Medium,No-Non,2004,No-Non,TrainingText 70,BusinessCaseSummary,0,0,0,2009-09-01 20:00,0,2007-12-08 20:00,IRAP,BC,,,,,,,49000.52106,6821.572932,41388.09451,10775.35831,64572.09189,83616.06298,34769.62102,54500.56371,,,,,,,,,,,,,,,,,,,,,,,,,,,,,,,,
No,No-Non,1000000,,,,,,,1,,,,,,,,,,,,,,,,,,,,,,,,,,,,,,,,,,,,,,,,Medium,No-Non,2004,No-Non,TrainingText 71,BusinessCaseSummary,0,0,0,2009-09-02 20:00,0,2007-12-09 20:00,IRAP,BC,,,,,,,14085.33452,47932.9067,85592.62415,16863.29889,43778.25618,28667.03288,86461.17845,82180.0254,,,,,,,,,,,,,,,,,,,,,,,,,,,,,,,,
No,No-Non,1000000,,,,,,,1,,,,,,,,,,,,,,,,,,,,,,,,,,,,,,,,,,,,,,,,Medium,No-Non,2004,No-Non,TrainingText 72,BusinessCaseSummary,0,0,0,2009-09-03 20:00,0,2007-12-10 20:00,IRAP,BC,,,,,,,28406.3531,55496.20846,9280.566455,50913.64962,9539.839542,87482.88987,60160.54886,98624.40527,,,,,,,,,,,,,,,,,,,,,,,,,,,,,,,,
No,No-Non,1000000,,,,,,,1,,,,,,,,,,,,,,,,,,,,,,,,,,,,,,,,,,,,,,,,Medium,No-Non,2004,No-Non,TrainingText 73,BusinessCaseSummary,0,0,0,2009-09-04 20:00,0,2007-12-11 20:00,IRAP,BC,,,,,,,93862.61721,23921.50615,46071.15053,79835.21733,50387.73258,49770.71756,41726.68225,28931.34843,,,,,,,,,,,,,,,,,,,,,,,,,,,,,,,,
No,No-Non,1000000,,,,,,,1,,,,,,,,,,,,,,,,,,,,,,,,,,,,,,,,,,,,,,,,Medium,No-Non,2004,No-Non,TrainingText 74,BusinessCaseSummary,0,0,0,2009-09-05 20:00,0,2007-12-12 20:00,IRAP,BC,,,,,,,77270.42664,30361.53841,50401.22958,81471.13505,83687.97548,85642.62801,95758.44862,82534.13657,,,,,,,,,,,,,,,,,,,,,,,,,,,,,,,,
No,No-Non,1000000,,,,,,,1,,,,,,,,,,,,,,,,,,,,,,,,,,,,,,,,,,,,,,,,Medium,No-Non,2004,No-Non,TrainingText 75,BusinessCaseSummary,0,0,0,2009-09-06 20:00,0,2007-12-13 20:00,IRAP,BC,,,,,,,95819.59153,93972.26029,16786.61578,35998.37121,68271.50535,14657.3947,18328.26496,13483.22792,,,,,,,,,,,,,,,,,,,,,,,,,,,,,,,,
No,No-Non,1000000,,,,,,,1,,,,,,,,,,,,,,,,,,,,,,,,,,,,,,,,,,,,,,,,Medium,No-Non,2004,No-Non,TrainingText 76,BusinessCaseSummary,0,0,0,2009-09-07 20:00,0,2007-12-14 20:00,IRAP,BC,,,,,,,6482.867966,92382.46352,96700.15207,98888.97286,81454.10275,32329.71214,47831.63172,4717.053051,,,,,,,,,,,,,,,,,,,,,,,,,,,,,,,,
No,No-Non,1000000,,,,,,,1,,,,,,,,,,,,,,,,,,,,,,,,,,,,,,,,,,,,,,,,Medium,No-Non,2004,No-Non,TrainingText 77,BusinessCaseSummary,0,0,0,2009-09-08 20:00,0,2007-12-15 20:00,IRAP,BC,,,,,,,7947.361498,97236.4002,41241.27473,63729.55367,47880.86271,83588.85099,11937.38903,38963.17146,,,,,,,,,,,,,,,,,,,,,,,,,,,,,,,,
No,No-Non,1000000,,,,,,,1,,,,,,,,,,,,,,,,,,,,,,,,,,,,,,,,,,,,,,,,Medium,No-Non,2004,No-Non,TrainingText 78,BusinessCaseSummary,0,0,0,2009-09-09 20:00,0,2007-12-16 20:00,IRAP,BC,,,,,,,47517.49557,23719.54481,11596.57689,7483.149296,11846.88043,11169.71377,85820.92252,75577.12407,,,,,,,,,,,,,,,,,,,,,,,,,,,,,,,,
No,No-Non,1000000,,,,,,,1,,,,,,,,,,,,,,,,,,,,,,,,,,,,,,,,,,,,,,,,Medium,No-Non,2004,No-Non,TrainingText 79,BusinessCaseSummary,0,0,0,2009-09-10 20:00,0,2007-12-17 20:00,IRAP,BC,,,,,,,42921.75285,24744.72116,64557.0739,5379.004968,59157.431,58918.75439,59709.44956,31976.47734,,,,,,,,,,,,,,,,,,,,,,,,,,,,,,,,
No,No-Non,1000000,,,,,,,1,,,,,,,,,,,,,,,,,,,,,,,,,,,,,,,,,,,,,,,,Medium,No-Non,2004,No-Non,TrainingText 80,BusinessCaseSummary,0,0,0,2009-09-11 20:00,0,2007-12-18 20:00,IRAP,BC,,,,,,,21306.92136,75609.69004,37870.1035,4222.375942,80425.1838,47807.1318,26503.10567,10857.05031,,,,,,,,,,,,,,,,,,,,,,,,,,,,,,,,
No,No-Non,1000000,,,,,,,1,,,,,,,,,,,,,,,,,,,,,,,,,,,,,,,,,,,,,,,,Medium,No-Non,2004,No-Non,TrainingText 81,BusinessCaseSummary,0,0,0,2009-09-12 20:00,0,2007-12-19 20:00,IRAP,BC,,,,,,,55643.11779,28049.50886,44915.23484,62459.55194,74836.63244,63367.20468,25967.89092,83872.39231,,,,,,,,,,,,,,,,,,,,,,,,,,,,,,,,
No,No-Non,1000000,,,,,,,1,,,,,,,,,,,,,,,,,,,,,,,,,,,,,,,,,,,,,,,,Medium,No-Non,2004,No-Non,TrainingText 82,BusinessCaseSummary,0,0,0,2009-09-13 20:00,0,2007-12-20 20:00,IRAP,BC,,,,,,,61271.51587,31816.6369,58450.69029,20897.58882,87927.5489,62441.86484,75282.27339,96758.09696,,,,,,,,,,,,,,,,,,,,,,,,,,,,,,,,
No,No-Non,1000000,,,,,,,1,,,,,,,,,,,,,,,,,,,,,,,,,,,,,,,,,,,,,,,,Medium,No-Non,2004,No-Non,TrainingText 83,BusinessCaseSummary,0,0,0,2009-09-14 20:00,0,2007-12-21 20:00,IRAP,BC,,,,,,,40233.82792,58957.41795,46309.26804,40732.15633,17583.85172,46800.72339,99228.75631,73904.67312,,,,,,,,,,,,,,,,,,,,,,,,,,,,,,,,
No,No-Non,1000000,,,,,,,1,,,,,,,,,,,,,,,,,,,,,,,,,,,,,,,,,,,,,,,,Medium,No-Non,2004,No-Non,TrainingText 84,BusinessCaseSummary,0,0,0,2009-09-15 20:00,0,2007-12-22 20:00,IRAP,BC,,,,,,,39760.54452,60328.57488,95706.08104,38026.10665,59246.32317,41067.97774,52169.90509,39600.50524,,,,,,,,,,,,,,,,,,,,,,,,,,,,,,,,
No,No-Non,1000000,,,,,,,1,,,,,,,,,,,,,,,,,,,,,,,,,,,,,,,,,,,,,,,,Medium,No-Non,2004,No-Non,TrainingText 85,BusinessCaseSummary,0,0,0,2009-09-16 20:00,0,2007-12-23 20:00,IRAP,BC,,,,,,,29893.97397,84005.08096,62436.76631,50843.15228,14842.5959,47559.19487,26439.30296,35846.59489,,,,,,,,,,,,,,,,,,,,,,,,,,,,,,,,
No,No-Non,1000000,,,,,,,1,,,,,,,,,,,,,,,,,,,,,,,,,,,,,,,,,,,,,,,,Medium,No-Non,2004,No-Non,TrainingText 86,BusinessCaseSummary,0,0,0,2009-09-17 20:00,0,2007-12-24 20:00,IRAP,BC,,,,,,,27987.13417,18295.54223,11344.70271,31512.76842,13627.16819,41505.58866,11424.78234,67356.64367,,,,,,,,,,,,,,,,,,,,,,,,,,,,,,,,
No,No-Non,1000000,,,,,,,1,,,,,,,,,,,,,,,,,,,,,,,,,,,,,,,,,,,,,,,,Medium,No-Non,2004,No-Non,TrainingText 87,BusinessCaseSummary,0,0,0,2009-09-18 20:00,0,2007-12-25 20:00,IRAP,BC,,,,,,,224.6291034,36456.49678,4621.211752,96898.31494,32875.07926,38877.29105,89422.20313,4060.727087,,,,,,,,,,,,,,,,,,,,,,,,,,,,,,,,
No,No-Non,1000000,,,,,,,1,,,,,,,,,,,,,,,,,,,,,,,,,,,,,,,,,,,,,,,,Medium,No-Non,2004,No-Non,TrainingText 88,BusinessCaseSummary,0,0,0,2009-09-19 20:00,0,2007-12-26 20:00,IRAP,BC,,,,,,,59062.09965,4938.739083,68650.00289,94099.09334,90084.52653,48431.73389,42471.60529,52238.15892,,,,,,,,,,,,,,,,,,,,,,,,,,,,,,,,
No,No-Non,1000000,,,,,,,1,,,,,,,,,,,,,,,,,,,,,,,,,,,,,,,,,,,,,,,,Medium,No-Non,2004,No-Non,TrainingText 89,BusinessCaseSummary,0,0,0,2009-09-20 20:00,0,2007-12-27 20:00,IRAP,BC,,,,,,,17634.62393,87723.29235,29982.55942,74929.35255,52432.05165,99050.50436,82064.55594,8135.631437,,,,,,,,,,,,,,,,,,,,,,,,,,,,,,,,
No,No-Non,1000000,,,,,,,1,,,,,,,,,,,,,,,,,,,,,,,,,,,,,,,,,,,,,,,,Medium,No-Non,2004,No-Non,TrainingText 90,BusinessCaseSummary,0,0,0,2009-08-31 20:00,0,2007-12-28 20:00,IRAP,BC,,,,,,,93018.59656,64090.29108,57022.77247,15727.04292,4620.899045,76880.52416,54236.15163,76196.67614,,,,,,,,,,,,,,,,,,,,,,,,,,,,,,,,
No,No-Non,1000000,,,,,,,1,,,,,,,,,,,,,,,,,,,,,,,,,,,,,,,,,,,,,,,,Medium,No-Non,2004,No-Non,TrainingText 91,BusinessCaseSummary,0,0,0,2009-09-01 20:00,0,2007-12-29 20:00,IRAP,BC,,,,,,,74923.15498,13297.5664,61503.95333,35070.08962,11464.89048,65027.71073,52803.55781,113.0375361,,,,,,,,,,,,,,,,,,,,,,,,,,,,,,,,
No,No-Non,1000000,,,,,,,1,,,,,,,,,,,,,,,,,,,,,,,,,,,,,,,,,,,,,,,,Medium,No-Non,2004,No-Non,TrainingText 92,BusinessCaseSummary,0,0,0,2009-09-02 20:00,0,2007-12-30 20:00,IRAP,BC,,,,,,,21061.31027,27982.6298,91458.70729,74003.19048,3934.528677,73615.55727,71427.28134,35009.00342,,,,,,,,,,,,,,,,,,,,,,,,,,,,,,,,
No,No-Non,1000000,,,,,,,1,,,,,,,,,,,,,,,,,,,,,,,,,,,,,,,,,,,,,,,,Medium,No-Non,2004,No-Non,TrainingText 93,BusinessCaseSummary,0,0,0,2009-09-03 20:00,0,2007-12-31 20:00,IRAP,BC,,,,,,,52149.91088,21078.80417,29263.25556,78317.36148,95917.43179,47131.76109,73917.92012,20826.98574,,,,,,,,,,,,,,,,,,,,,,,,,,,,,,,,
No,No-Non,1000000,,,,,,,1,,,,,,,,,,,,,,,,,,,,,,,,,,,,,,,,,,,,,,,,Medium,No-Non,2004,No-Non,TrainingText 94,BusinessCaseSummary,0,0,0,2009-09-04 20:00,0,2008-01-01 20:00,IRAP,BC,,,,,,,10152.77099,44047.0901,87342.48491,29012.20505,69047.20946,405.8731454,97252.47921,90979.64308,,,,,,,,,,,,,,,,,,,,,,,,,,,,,,,,
No,No-Non,1000000,,,,,,,1,,,,,,,,,,,,,,,,,,,,,,,,,,,,,,,,,,,,,,,,Medium,No-Non,2004,No-Non,TrainingText 95,BusinessCaseSummary,0,0,0,2009-09-05 20:00,0,2008-01-02 20:00,IRAP,BC,,,,,,,41880.55156,79945.25654,78712.86071,23106.28226,4646.51339,29887.71624,39771.49079,87315.2332,,,,,,,,,,,,,,,,,,,,,,,,,,,,,,,,
No,No-Non,1000000,,,,,,,1,,,,,,,,,,,,,,,,,,,,,,,,,,,,,,,,,,,,,,,,Medium,No-Non,2004,No-Non,TrainingText 96,BusinessCaseSummary,0,0,0,2009-09-06 20:00,0,2008-01-03 20:00,IRAP,BC,,,,,,,82971.01733,75202.32134,16078.11833,63327.66905,76125.44546,83077.93039,78948.70777,53623.51339,,,,,,,,,,,,,,,,,,,,,,,,,,,,,,,,
No,No-Non,1000000,,,,,,,1,,,,,,,,,,,,,,,,,,,,,,,,,,,,,,,,,,,,,,,,Medium,No-Non,2004,No-Non,TrainingText 97,BusinessCaseSummary,0,0,0,2009-09-07 20:00,0,2008-01-04 20:00,IRAP,BC,,,,,,,87549.36453,72955.7123,13307.34087,1773.563254,5852.325856,1548.721492,85501.93125,13671.39883,,,,,,,,,,,,,,,,,,,,,,,,,,,,,,,,
No,No-Non,1000000,,,,,,,1,,,,,,,,,,,,,,,,,,,,,,,,,,,,,,,,,,,,,,,,Medium,No-Non,2004,No-Non,TrainingText 98,BusinessCaseSummary,0,0,0,2009-09-08 20:00,0,2008-01-05 20:00,IRAP,BC,,,,,,,73078.77744,49764.21507,42185.43573,18939.11307,3475.071416,9629.724462,28118.05554,69741.71966,,,,,,,,,,,,,,,,,,,,,,,,,,,,,,,,
No,No-Non,1000000,,,,,,,1,,,,,,,,,,,,,,,,,,,,,,,,,,,,,,,,,,,,,,,,Medium,No-Non,2004,No-Non,TrainingText 99,BusinessCaseSummary,0,0,0,2009-09-09 20:00,0,2008-01-06 20:00,IRAP,BC,,,,,,,13214.76013,76247.77436,29621.90719,92689.23347,60786.99907,43443.04043,58890.65656,19857.06942,,,,,,,,,,,,,,,,,,,,,,,,,,,,,,,,
No,No-Non,1000000,,,,,,,1,,,,,,,,,,,,,,,,,,,,,,,,,,,,,,,,,,,,,,,,Medium,No-Non,2004,No-Non,TrainingText 100,BusinessCaseSummary,0,0,0,2009-09-10 20:00,0,2008-01-07 20:00,IRAP,BC,,,,,,,99051.78455,98514.37053,6905.409255,8682.000469,2662.075018,1168.706773,29372.2199,32741.21138,,,,,,,,,,,,,,,,,,,,,,,,,,,,,,,,
No,No-Non,1000000,,,,,,,1,,,,,,,,,,,,,,,,,,,,,,,,,,,,,,,,,,,,,,,,Medium,No-Non,2004,No-Non,TrainingText 101,BusinessCaseSummary,0,0,0,2009-09-11 20:00,0,2008-01-08 20:00,IRAP,BC,,,,,,,66318.24949,49683.69318,40934.40893,83289.17714,32186.11985,73533.47542,90053.45706,37214.28512,,,,,,,,,,,,,,,,,,,,,,,,,,,,,,,,
No,No-Non,1000000,,,,,,,1,,,,,,,,,,,,,,,,,,,,,,,,,,,,,,,,,,,,,,,,Medium,No-Non,2004,No-Non,TrainingText 102,BusinessCaseSummary,0,0,0,2009-09-12 20:00,0,2008-01-09 20:00,IRAP,BC,,,,,,,6490.682939,53946.29353,71883.73097,18677.86168,21689.80801,92595.01388,46948.11535,56588.15197,,,,,,,,,,,,,,,,,,,,,,,,,,,,,,,,
No,No-Non,1000000,,,,,,,1,,,,,,,,,,,,,,,,,,,,,,,,,,,,,,,,,,,,,,,,Medium,No-Non,2004,No-Non,TrainingText 103,BusinessCaseSummary,0,0,0,2009-09-13 20:00,0,2008-01-10 20:00,IRAP,BC,,,,,,,60854.67707,69366.64649,16766.11978,32823.62904,88201.53016,47746.64702,83502.76616,73813.31239,,,,,,,,,,,,,,,,,,,,,,,,,,,,,,,,
No,No-Non,1000000,,,,,,,1,,,,,,,,,,,,,,,,,,,,,,,,,,,,,,,,,,,,,,,,Medium,No-Non,2004,No-Non,TrainingText 104,BusinessCaseSummary,0,0,0,2009-09-14 20:00,0,2008-01-11 20:00,IRAP,BC,,,,,,,85547.54351,11989.57783,99343.14721,57499.38637,81077.85753,95135.5831,61575.75324,32328.50557,,,,,,,,,,,,,,,,,,,,,,,,,,,,,,,,
No,No-Non,1000000,,,,,,,1,,,,,,,,,,,,,,,,,,,,,,,,,,,,,,,,,,,,,,,,Medium,No-Non,2004,No-Non,TrainingText 105,BusinessCaseSummary,0,0,0,2009-09-15 20:00,0,2008-01-12 20:00,IRAP,BC,,,,,,,12532.53553,6384.794907,39585.98423,69410.45696,61180.1539,36295.1469,58868.73804,60543.68058,,,,,,,,,,,,,,,,,,,,,,,,,,,,,,,,
No,No-Non,1000000,,,,,,,1,,,,,,,,,,,,,,,,,,,,,,,,,,,,,,,,,,,,,,,,Medium,No-Non,2004,No-Non,TrainingText 106,BusinessCaseSummary,0,0,0,2009-09-16 20:00,0,2008-01-13 20:00,IRAP,BC,,,,,,,53212.85377,2577.745602,78823.18563,32930.63572,9141.492125,51240.98656,15133.80171,65349.02547,,,,,,,,,,,,,,,,,,,,,,,,,,,,,,,,
No,No-Non,1000000,,,,,,,1,,,,,,,,,,,,,,,,,,,,,,,,,,,,,,,,,,,,,,,,Medium,No-Non,2004,No-Non,TrainingText 107,BusinessCaseSummary,0,0,0,2009-09-17 20:00,0,2008-01-14 20:00,IRAP,BC,,,,,,,84420.58873,44831.64476,16463.07951,97811.54484,61653.62754,69377.51555,64976.02993,11739.14839,,,,,,,,,,,,,,,,,,,,,,,,,,,,,,,,
No,No-Non,1000000,,,,,,,1,,,,,,,,,,,,,,,,,,,,,,,,,,,,,,,,,,,,,,,,Medium,No-Non,2004,No-Non,TrainingText 108,BusinessCaseSummary,0,0,0,2009-09-18 20:00,0,2008-01-15 20:00,IRAP,BC,,,,,,,18195.64321,25825.2745,52434.6437,87195.52187,13090.99948,32841.72282,50498.11726,62711.37407,,,,,,,,,,,,,,,,,,,,,,,,,,,,,,,,
No,No-Non,1000000,,,,,,,1,,,,,,,,,,,,,,,,,,,,,,,,,,,,,,,,,,,,,,,,Medium,No-Non,2004,No-Non,TrainingText 109,BusinessCaseSummary,0,0,0,2009-09-19 20:00,0,2008-01-16 20:00,IRAP,BC,,,,,,,34341.10414,49432.77802,25367.58958,11502.81361,75117.09656,98167.40048,40249.04643,17322.47235,,,,,,,,,,,,,,,,,,,,,,,,,,,,,,,,
No,No-Non,1000000,,,,,,,1,,,,,,,,,,,,,,,,,,,,,,,,,,,,,,,,,,,,,,,,Medium,No-Non,2004,No-Non,TrainingText 110,BusinessCaseSummary,0,0,0,2009-09-20 20:00,0,2008-01-17 20:00,IRAP,BC,,,,,,,50389.71568,88294.67161,11149.90276,55629.30193,39501.22733,72865.97479,79853.77155,53882.81395,,,,,,,,,,,,,,,,,,,,,,,,,,,,,,,,
No,No-Non,1000000,,,,,,,1,,,,,,,,,,,,,,,,,,,,,,,,,,,,,,,,,,,,,,,,Medium,No-Non,2004,No-Non,TrainingText 111,BusinessCaseSummary,0,0,0,2009-09-21 20:00,0,2008-01-18 20:00,IRAP,BC,,,,,,,67956.3407,43525.92097,42888.3807,11154.38454,30729.61949,23757.6434,87207.43227,62893.40484,,,,,,,,,,,,,,,,,,,,,,,,,,,,,,,,
No,No-Non,1000000,,,,,,,1,,,,,,,,,,,,,,,,,,,,,,,,,,,,,,,,,,,,,,,,Medium,No-Non,2004,No-Non,TrainingText 112,BusinessCaseSummary,0,0,0,2009-09-22 20:00,0,2008-01-19 20:00,IRAP,BC,,,,,,,4207.370582,68467.63634,26083.46885,10875.20497,53722.01969,40209.43064,96914.20539,84784.9494,,,,,,,,,,,,,,,,,,,,,,,,,,,,,,,,
No,No-Non,1000000,,,,,,,1,,,,,,,,,,,,,,,,,,,,,,,,,,,,,,,,,,,,,,,,Medium,No-Non,2004,No-Non,TrainingText 113,BusinessCaseSummary,0,0,0,2009-09-23 20:00,0,2008-01-20 20:00,IRAP,BC,,,,,,,1616.496458,66304.72403,44383.38807,4533.629028,28524.07754,21520.05983,7320.38239,98489.57344,,,,,,,,,,,,,,,,,,,,,,,,,,,,,,,,
No,No-Non,1000000,,,,,,,1,,,,,,,,,,,,,,,,,,,,,,,,,,,,,,,,,,,,,,,,Medium,No-Non,2004,No-Non,TrainingText 114,BusinessCaseSummary,0,0,0,2009-09-24 20:00,0,2008-01-21 20:00,IRAP,BC,,,,,,,26526.40535,87017.04369,76567.92021,53176.01398,85241.76172,47506.12103,79044.74988,13260.17491,,,,,,,,,,,,,,,,,,,,,,,,,,,,,,,,
No,No-Non,1000000,,,,,,,1,,,,,,,,,,,,,,,,,,,,,,,,,,,,,,,,,,,,,,,,Medium,No-Non,2004,No-Non,TrainingText 115,BusinessCaseSummary,0,0,0,2009-09-25 20:00,0,2008-01-22 20:00,IRAP,BC,,,,,,,43944.73357,19742.19361,77664.77068,39958.30202,3513.952767,29373.21945,25264.3282,79419.24377,,,,,,,,,,,,,,,,,,,,,,,,,,,,,,,,
No,No-Non,1000000,,,,,,,1,,,,,,,,,,,,,,,,,,,,,,,,,,,,,,,,,,,,,,,,Medium,No-Non,2004,No-Non,TrainingText 116,BusinessCaseSummary,0,0,0,2009-09-26 20:00,0,2008-01-23 20:00,IRAP,BC,,,,,,,79286.31919,10574.65339,75591.20951,93700.75894,211.0514417,24691.54193,7972.358696,50953.07159,,,,,,,,,,,,,,,,,,,,,,,,,,,,,,,,
No,No-Non,1000000,,,,,,,1,,,,,,,,,,,,,,,,,,,,,,,,,,,,,,,,,,,,,,,,Medium,No-Non,2004,No-Non,TrainingText 117,BusinessCaseSummary,0,0,0,2009-09-27 20:00,0,2008-01-24 20:00,IRAP,BC,,,,,,,78228.16075,55090.10292,25895.1972,52363.48172,68765.02527,33742.63552,31303.10617,15330.48242,,,,,,,,,,,,,,,,,,,,,,,,,,,,,,,,
No,No-Non,1000000,,,,,,,1,,,,,,,,,,,,,,,,,,,,,,,,,,,,,,,,,,,,,,,,Medium,No-Non,2004,No-Non,TrainingText 118,BusinessCaseSummary,0,0,0,2009-09-28 20:00,0,2008-01-25 20:00,IRAP,BC,,,,,,,72501.82894,41955.83124,93118.64387,64172.89497,25457.61712,65135.20826,30742.43458,44795.34811,,,,,,,,,,,,,,,,,,,,,,,,,,,,,,,,
No,No-Non,1000000,,,,,,,1,,,,,,,,,,,,,,,,,,,,,,,,,,,,,,,,,,,,,,,,Medium,No-Non,2004,No-Non,TrainingText 119,BusinessCaseSummary,0,0,0,2009-09-29 20:00,0,2008-01-26 20:00,IRAP,BC,,,,,,,21669.5393,18792.97793,77926.9451,66403.28845,53466.28923,59803.62254,27062.13564,84901.37296,,,,,,,,,,,,,,,,,,,,,,,,,,,,,,,,
No,No-Non,1000000,,,,,,,1,,,,,,,,,,,,,,,,,,,,,,,,,,,,,,,,,,,,,,,,Medium,No-Non,2004,No-Non,TrainingText 120,BusinessCaseSummary,0,0,0,2009-09-30 20:00,0,2008-01-27 20:00,IRAP,BC,,,,,,,6081.219716,26685.846,72067.23673,41127.27961,51176.97541,25648.80014,99970.02644,82064.30826,,,,,,,,,,,,,,,,,,,,,,,,,,,,,,,,
No,No-Non,1000000,,,,,,,1,,,,,,,,,,,,,,,,,,,,,,,,,,,,,,,,,,,,,,,,Medium,No-Non,2004,No-Non,TrainingText 121,BusinessCaseSummary,0,0,0,2009-10-01 20:00,0,2008-01-28 20:00,IRAP,BC,,,,,,,16893.37734,86275.70518,81492.78203,3704.076405,10481.47221,64909.88929,21140.87291,35367.43022,,,,,,,,,,,,,,,,,,,,,,,,,,,,,,,,
No,No-Non,1000000,,,,,,,1,,,,,,,,,,,,,,,,,,,,,,,,,,,,,,,,,,,,,,,,Medium,No-Non,2004,No-Non,TrainingText 122,BusinessCaseSummary,0,0,0,2009-10-02 20:00,0,2008-01-29 20:00,IRAP,BC,,,,,,,31029.67002,18295.97924,24960.6918,72708.72326,40890.93357,51274.82395,45297.46895,24920.46465,,,,,,,,,,,,,,,,,,,,,,,,,,,,,,,,
No,No-Non,1000000,,,,,,,1,,,,,,,,,,,,,,,,,,,,,,,,,,,,,,,,,,,,,,,,Medium,No-Non,2004,No-Non,TrainingText 123,BusinessCaseSummary,0,0,0,2009-10-03 20:00,0,2008-01-30 20:00,IRAP,AB,,,,,,,55752.02644,51908.61032,57450.10394,66155.31203,52500.61597,42227.10365,26643.78078,42980.49452,,,,,,,,,,,,,,,,,,,,,,,,,,,,,,,,
No,No-Non,1000000,,,,,,,1,,,,,,,,,,,,,,,,,,,,,,,,,,,,,,,,,,,,,,,,Medium,No-Non,2004,No-Non,TrainingText 124,BusinessCaseSummary,0,0,0,2009-10-04 20:00,0,2008-01-31 20:00,IRAP,BC,,,,,,,16693.44333,65287.71272,47555.67576,54641.10245,93753.02994,75791.18518,81571.23747,33711.99849,,,,,,,,,,,,,,,,,,,,,,,,,,,,,,,,
No,No-Non,1000000,,,,,,,1,,,,,,,,,,,,,,,,,,,,,,,,,,,,,,,,,,,,,,,,Medium,No-Non,2004,No-Non,TrainingText 125,BusinessCaseSummary,0,0,0,2009-10-05 20:00,0,2008-02-01 20:00,IRAP,MB,,,,,,,79192.27098,23934.98332,24505.66055,67224.97515,91978.91978,38306.30313,40089.92955,39763.78313,,,,,,,,,,,,,,,,,,,,,,,,,,,,,,,,
No,No-Non,1000000,,,,,,,1,,,,,,,,,,,,,,,,,,,,,,,,,,,,,,,,,,,,,,,,Medium,No-Non,2004,No-Non,TrainingText 126,BusinessCaseSummary,0,0,0,2009-10-06 20:00,0,2008-02-02 20:00,IRAP,BC,,,,,,,15606.83103,14831.29745,19524.18786,15940.74578,67211.76819,8649.846136,10133.30817,44066.09104,,,,,,,,,,,,,,,,,,,,,,,,,,,,,,,,
No,No-Non,1000000,,,,,,,1,,,,,,,,,,,,,,,,,,,,,,,,,,,,,,,,,,,,,,,,Medium,No-Non,2004,No-Non,TrainingText 127,BusinessCaseSummary,0,0,0,2009-10-07 20:00,0,2008-02-03 20:00,IRAP,BC,,,,,,,42843.92357,10297.21338,33672.61007,81119.1628,35076.50265,77786.1377,26991.68379,50198.43259,,,,,,,,,,,,,,,,,,,,,,,,,,,,,,,,
No,No-Non,1000000,,,,,,,1,,,,,,,,,,,,,,,,,,,,,,,,,,,,,,,,,,,,,,,,Medium,No-Non,2004,No-Non,TrainingText 128,BusinessCaseSummary,0,0,0,2009-08-31 20:00,0,2008-02-04 20:00,IRAP,BC,,,,,,,85231.67087,55490.81955,2895.435771,97896.38356,21878.26537,44843.4922,14275.90688,32778.05552,,,,,,,,,,,,,,,,,,,,,,,,,,,,,,,,
No,No-Non,1000000,,,,,,,1,,,,,,,,,,,,,,,,,,,,,,,,,,,,,,,,,,,,,,,,Medium,No-Non,2004,No-Non,TrainingText 129,BusinessCaseSummary,0,0,0,2009-09-01 20:00,0,2008-02-05 20:00,IRAP,BC,,,,,,,86871.02618,13784.95012,82428.68226,73881.25773,81929.0263,28831.06146,40110.94269,2989.105296,,,,,,,,,,,,,,,,,,,,,,,,,,,,,,,,
No,No-Non,1000000,,,,,,,1,,,,,,,,,,,,,,,,,,,,,,,,,,,,,,,,,,,,,,,,Medium,No-Non,2004,No-Non,TrainingText 130,BusinessCaseSummary,0,0,0,2009-09-02 20:00,0,2008-02-06 20:00,IRAP,BC,,,,,,,25195.78696,68124.05895,25387.80068,94232.89778,99708.12221,86703.98287,60347.58083,42730.78291,,,,,,,,,,,,,,,,,,,,,,,,,,,,,,,,
No,No-Non,1000000,,,,,,,1,,,,,,,,,,,,,,,,,,,,,,,,,,,,,,,,,,,,,,,,Medium,No-Non,2004,No-Non,TrainingText 131,BusinessCaseSummary,0,0,0,2009-09-03 20:00,0,2008-02-07 20:00,IRAP,BC,,,,,,,36075.4914,70132.87478,54057.789,54124.13827,46763.26063,44690.95364,72581.36646,6445.794568,,,,,,,,,,,,,,,,,,,,,,,,,,,,,,,,
No,No-Non,1000000,,,,,,,1,,,,,,,,,,,,,,,,,,,,,,,,,,,,,,,,,,,,,,,,Medium,No-Non,2004,No-Non,TrainingText 132,BusinessCaseSummary,0,0,0,2009-09-04 20:00,0,2008-02-08 20:00,IRAP,BC,,,,,,,24007.19927,89054.14641,69619.81905,71181.52023,18284.16827,41178.71013,57527.53982,81004.14619,,,,,,,,,,,,,,,,,,,,,,,,,,,,,,,,
No,No-Non,1000000,,,,,,,1,,,,,,,,,,,,,,,,,,,,,,,,,,,,,,,,,,,,,,,,Medium,No-Non,2004,No-Non,TrainingText 133,BusinessCaseSummary,0,0,0,2009-09-05 20:00,0,2008-02-09 20:00,IRAP,BC,,,,,,,29507.64,84221.44242,37670.47736,83813.50685,50056.18608,24901.84302,68049.94835,41224.24274,,,,,,,,,,,,,,,,,,,,,,,,,,,,,,,,
No,No-Non,1000000,,,,,,,1,,,,,,,,,,,,,,,,,,,,,,,,,,,,,,,,,,,,,,,,Medium,No-Non,2004,No-Non,TrainingText 134,BusinessCaseSummary,0,0,0,2009-09-06 20:00,0,2008-02-10 20:00,IRAP,BC,,,,,,,41200.48824,97375.82193,97556.74374,11381.71981,97485.78452,26915.15159,90214.79253,62762.11749,,,,,,,,,,,,,,,,,,,,,,,,,,,,,,,,
No,No-Non,1000000,,,,,,,1,,,,,,,,,,,,,,,,,,,,,,,,,,,,,,,,,,,,,,,,Medium,No-Non,2004,No-Non,TrainingText 135,BusinessCaseSummary,0,0,0,2009-09-07 20:00,0,2008-02-11 20:00,IRAP,BC,,,,,,,81712.54885,80865.63826,62202.49962,66795.67379,96520.42946,20298.28662,91922.28632,96192.82161,,,,,,,,,,,,,,,,,,,,,,,,,,,,,,,,
No,No-Non,1000000,,,,,,,1,,,,,,,,,,,,,,,,,,,,,,,,,,,,,,,,,,,,,,,,Medium,No-Non,2004,No-Non,TrainingText 136,BusinessCaseSummary,0,0,0,2009-09-08 20:00,0,2008-02-12 20:00,IRAP,BC,,,,,,,51201.32018,14922.32494,69325.9147,28441.98496,16996.07302,21661.97086,88647.44846,72943.5414,,,,,,,,,,,,,,,,,,,,,,,,,,,,,,,,
No,No-Non,1000000,,,,,,,1,,,,,,,,,,,,,,,,,,,,,,,,,,,,,,,,,,,,,,,,Medium,No-Non,2004,No-Non,TrainingText 137,BusinessCaseSummary,0,0,0,2009-09-09 20:00,0,2008-02-13 20:00,IRAP,BC,,,,,,,37850.25837,97535.65351,75472.71288,82512.43854,89016.83441,83140.7562,63725.61396,74710.95682,,,,,,,,,,,,,,,,,,,,,,,,,,,,,,,,
No,No-Non,1000000,,,,,,,1,,,,,,,,,,,,,,,,,,,,,,,,,,,,,,,,,,,,,,,,Medium,No-Non,2004,No-Non,TrainingText 138,BusinessCaseSummary,0,0,0,2009-09-10 20:00,0,2008-02-14 20:00,IRAP,BC,,,,,,,36094.59704,77645.21557,43999.93614,1421.596093,49393.45346,68800.28495,67091.078,4299.587642,,,,,,,,,,,,,,,,,,,,,,,,,,,,,,,,
No,No-Non,1000000,,,,,,,1,,,,,,,,,,,,,,,,,,,,,,,,,,,,,,,,,,,,,,,,Medium,No-Non,2004,No-Non,TrainingText 139,BusinessCaseSummary,0,0,0,2009-09-11 20:00,0,2008-02-15 20:00,IRAP,BC,,,,,,,16369.58243,24456.33877,41543.84524,98748.22654,49123.98542,76908.23606,40043.83565,31504.50136,,,,,,,,,,,,,,,,,,,,,,,,,,,,,,,,
No,No-Non,1000000,,,,,,,1,,,,,,,,,,,,,,,,,,,,,,,,,,,,,,,,,,,,,,,,Medium,No-Non,2004,No-Non,TrainingText 140,BusinessCaseSummary,0,0,0,2009-09-12 20:00,0,2008-02-16 20:00,IRAP,BC,,,,,,,4200.206089,8642.240212,82388.00652,15360.31608,99812.06524,4767.180248,45219.31056,32887.11602,,,,,,,,,,,,,,,,,,,,,,,,,,,,,,,,
No,No-Non,1000000,,,,,,,1,,,,,,,,,,,,,,,,,,,,,,,,,,,,,,,,,,,,,,,,Medium,No-Non,2004,No-Non,TrainingText 141,BusinessCaseSummary,0,0,0,2009-09-13 20:00,0,2008-02-17 20:00,IRAP,BC,,,,,,,98390.4853,8718.496413,22434.46773,40673.6421,54110.33044,63835.12191,19766.63582,8700.755147,,,,,,,,,,,,,,,,,,,,,,,,,,,,,,,,
No,No-Non,1000000,,,,,,,1,,,,,,,,,,,,,,,,,,,,,,,,,,,,,,,,,,,,,,,,Medium,No-Non,2004,No-Non,TrainingText 142,BusinessCaseSummary,0,0,0,2009-09-14 20:00,0,2008-02-18 20:00,IRAP,BC,,,,,,,30010.71798,70904.69333,67630.67855,27692.65859,6456.515471,37044.46903,2372.310558,19057.0648,,,,,,,,,,,,,,,,,,,,,,,,,,,,,,,,
No,No-Non,1000000,,,,,,,1,,,,,,,,,,,,,,,,,,,,,,,,,,,,,,,,,,,,,,,,Medium,No-Non,2004,No-Non,TrainingText 143,BusinessCaseSummary,0,0,0,2009-09-15 20:00,0,2008-02-19 20:00,IRAP,BC,,,,,,,97991.81451,5202.926045,48125.42535,27475.95309,59835.00167,58182.94715,25870.79747,94533.96202,,,,,,,,,,,,,,,,,,,,,,,,,,,,,,,,
No,No-Non,1000000,,,,,,,1,,,,,,,,,,,,,,,,,,,,,,,,,,,,,,,,,,,,,,,,Medium,No-Non,2004,No-Non,TrainingText 144,BusinessCaseSummary,0,0,0,2009-09-16 20:00,0,2008-02-20 20:00,IRAP,BC,,,,,,,4774.168866,60427.00049,71565.07588,40018.13153,57686.49905,14400.76287,40107.77587,94253.48363,,,,,,,,,,,,,,,,,,,,,,,,,,,,,,,,
No,No-Non,1000000,,,,,,,1,,,,,,,,,,,,,,,,,,,,,,,,,,,,,,,,,,,,,,,,Medium,No-Non,2004,No-Non,TrainingText 145,BusinessCaseSummary,0,0,0,2009-09-17 20:00,0,2008-02-21 20:00,IRAP,BC,,,,,,,41459.39604,15632.07682,97809.47152,94989.19424,38558.82649,5963.334945,19660.45679,66524.82882,,,,,,,,,,,,,,,,,,,,,,,,,,,,,,,,
No,No-Non,1000000,,,,,,,1,,,,,,,,,,,,,,,,,,,,,,,,,,,,,,,,,,,,,,,,Medium,No-Non,2004,No-Non,TrainingText 146,BusinessCaseSummary,0,0,0,2009-09-18 20:00,0,2008-02-22 20:00,IRAP,BC,,,,,,,37068.14353,34491.19119,96083.37914,15632.30954,19572.23597,1969.431321,9094.387222,74290.96419,,,,,,,,,,,,,,,,,,,,,,,,,,,,,,,,
No,No-Non,1000000,,,,,,,1,,,,,,,,,,,,,,,,,,,,,,,,,,,,,,,,,,,,,,,,Medium,No-Non,2004,No-Non,TrainingText 147,BusinessCaseSummary,0,0,0,2009-09-19 20:00,0,2008-02-23 20:00,IRAP,BC,,,,,,,29631.5658,99322.00104,63640.01799,8751.545764,39718.6946,28153.19505,36825.26337,75798.44943,,,,,,,,,,,,,,,,,,,,,,,,,,,,,,,,
No,No-Non,1000000,,,,,,,1,,,,,,,,,,,,,,,,,,,,,,,,,,,,,,,,,,,,,,,,Medium,No-Non,2004,No-Non,TrainingText 148,BusinessCaseSummary,0,0,0,2009-09-20 20:00,0,2008-02-24 20:00,IRAP,BC,,,,,,,13587.80405,65599.9615,92513.08203,67375.20868,84324.43421,71216.17014,80526.88552,17292.19984,,,,,,,,,,,,,,,,,,,,,,,,,,,,,,,,
No,No-Non,1000000,,,,,,,1,,,,,,,,,,,,,,,,,,,,,,,,,,,,,,,,,,,,,,,,Medium,No-Non,2004,No-Non,TrainingText 149,BusinessCaseSummary,0,0,0,2009-09-21 20:00,0,2008-02-25 20:00,IRAP,BC,,,,,,,7973.208917,86423.89987,41507.97278,74410.90124,16951.83161,70389.48251,91998.38435,43294.01324,,,,,,,,,,,,,,,,,,,,,,,,,,,,,,,,
No,No-Non,1000000,,,,,,,1,,,,,,,,,,,,,,,,,,,,,,,,,,,,,,,,,,,,,,,,Medium,No-Non,2004,No-Non,TrainingText 150,BusinessCaseSummary,0,0,0,2009-09-22 20:00,0,2008-02-26 20:00,IRAP,BC,,,,,,,59990.83397,21884.42919,67120.21737,7250.306452,78760.40587,32813.53999,27355.3242,93067.44357,,,,,,,,,,,,,,,,,,,,,,,,,,,,,,,,
No,No-Non,1000000,,,,,,,1,,,,,,,,,,,,,,,,,,,,,,,,,,,,,,,,,,,,,,,,Medium,No-Non,2004,No-Non,TrainingText 151,BusinessCaseSummary,0,0,0,2009-09-23 20:00,0,2008-02-27 20:00,IRAP,BC,,,,,,,38789.78876,32738.56058,5757.91303,58855.62901,2638.939766,52537.41494,85907.48148,36680.73983,,,,,,,,,,,,,,,,,,,,,,,,,,,,,,,,
No,No-Non,1000000,,,,,,,1,,,,,,,,,,,,,,,,,,,,,,,,,,,,,,,,,,,,,,,,Medium,No-Non,2004,No-Non,TrainingText 152,BusinessCaseSummary,0,0,0,2009-09-24 20:00,0,2008-02-28 20:00,IRAP,BC,,,,,,,52758.24771,52281.87681,94568.78399,91515.86789,53851.27731,21602.98988,28853.12512,25759.66221,,,,,,,,,,,,,,,,,,,,,,,,,,,,,,,,
No,No-Non,1000000,,,,,,,1,,,,,,,,,,,,,,,,,,,,,,,,,,,,,,,,,,,,,,,,Medium,No-Non,2004,No-Non,TrainingText 153,BusinessCaseSummary,0,0,0,2009-09-25 20:00,0,2008-02-29 20:00,IRAP,BC,,,,,,,87921.3682,62451.41393,72220.77202,76096.65479,78866.6688,32292.07229,78917.12471,67345.66178,,,,,,,,,,,,,,,,,,,,,,,,,,,,,,,,
No,No-Non,1000000,,,,,,,1,,,,,,,,,,,,,,,,,,,,,,,,,,,,,,,,,,,,,,,,Medium,No-Non,2004,No-Non,TrainingText 154,BusinessCaseSummary,0,0,0,2009-09-26 20:00,0,2008-03-01 20:00,IRAP,BC,,,,,,,6940.600677,92182.17372,9594.773532,26942.01345,5913.945485,46155.35099,630.9803221,9643.242787,,,,,,,,,,,,,,,,,,,,,,,,,,,,,,,,
No,No-Non,1000000,,,,,,,1,,,,,,,,,,,,,,,,,,,,,,,,,,,,,,,,,,,,,,,,Medium,No-Non,2004,No-Non,TrainingText 155,BusinessCaseSummary,0,0,0,2009-09-27 20:00,0,2008-03-02 20:00,IRAP,QC,,,,,,,62801.00577,54617.3733,3467.979238,61572.82369,36515.99559,64307.80349,90343.17258,97326.57259,,,,,,,,,,,,,,,,,,,,,,,,,,,,,,,,
No,No-Non,1000000,,,,,,,1,,,,,,,,,,,,,,,,,,,,,,,,,,,,,,,,,,,,,,,,Medium,No-Non,2004,No-Non,TrainingText 156,BusinessCaseSummary,0,0,0,2009-09-28 20:00,0,2008-03-03 20:00,IRAP,BC,,,,,,,88154.08403,97002.57426,90950.56819,4702.088499,10172.85405,93938.46795,70502.2509,21666.54871,,,,,,,,,,,,,,,,,,,,,,,,,,,,,,,,
No,No-Non,1000000,,,,,,,1,,,,,,,,,,,,,,,,,,,,,,,,,,,,,,,,,,,,,,,,Medium,No-Non,2004,No-Non,TrainingText 157,BusinessCaseSummary,0,0,0,2009-08-31 20:00,0,2008-03-04 20:00,IRAP,BC,,,,,,,58689.74646,38013.94962,54958.99262,92939.11888,69952.27807,24373.27126,28292.14679,36497.84535,,,,,,,,,,,,,,,,,,,,,,,,,,,,,,,,
No,No-Non,1000000,,,,,,,1,,,,,,,,,,,,,,,,,,,,,,,,,,,,,,,,,,,,,,,,Medium,No-Non,2004,No-Non,TrainingText 158,BusinessCaseSummary,0,0,0,2009-09-01 20:00,0,2008-03-05 20:00,IRAP,BC,,,,,,,33727.23614,32462.4329,43178.41428,3865.026254,70813.54062,50229.47841,45156.76317,14532.37659,,,,,,,,,,,,,,,,,,,,,,,,,,,,,,,,
No,No-Non,1000000,,,,,,,1,,,,,,,,,,,,,,,,,,,,,,,,,,,,,,,,,,,,,,,,Medium,No-Non,2004,No-Non,TrainingText 159,BusinessCaseSummary,0,0,0,2009-09-02 20:00,0,2008-03-06 20:00,IRAP,BC,,,,,,,72061.19019,73632.16971,44828.80694,49769.32965,23727.61466,13319.48983,38044.47088,27382.26891,,,,,,,,,,,,,,,,,,,,,,,,,,,,,,,,
No,No-Non,1000000,,,,,,,1,,,,,,,,,,,,,,,,,,,,,,,,,,,,,,,,,,,,,,,,Medium,No-Non,2004,No-Non,TrainingText 160,BusinessCaseSummary,0,0,0,2009-09-03 20:00,0,2008-03-07 20:00,IRAP,BC,,,,,,,3787.028787,54379.32673,36691.89442,34034.77461,30322.5822,21494.90806,8748.649714,13464.18269,,,,,,,,,,,,,,,,,,,,,,,,,,,,,,,,
No,No-Non,1000000,,,,,,,1,,,,,,,,,,,,,,,,,,,,,,,,,,,,,,,,,,,,,,,,Medium,No-Non,2004,No-Non,TrainingText 161,BusinessCaseSummary,0,0,0,2009-09-04 20:00,0,2008-03-08 20:00,IRAP,BC,,,,,,,26363.51481,50116.10937,12543.99126,39963.53984,26227.25293,72814.15615,59392.20665,18385.02886,,,,,,,,,,,,,,,,,,,,,,,,,,,,,,,,
No,No-Non,1000000,,,,,,,1,,,,,,,,,,,,,,,,,,,,,,,,,,,,,,,,,,,,,,,,Medium,No-Non,2004,No-Non,TrainingText 162,BusinessCaseSummary,0,0,0,2009-09-05 20:00,0,2008-03-09 20:00,IRAP,BC,,,,,,,2614.833923,16441.997,57459.47497,23824.65797,35340.03457,87655.59087,2279.243786,84681.86861,,,,,,,,,,,,,,,,,,,,,,,,,,,,,,,,
No,No-Non,1000000,,,,,,,1,,,,,,,,,,,,,,,,,,,,,,,,,,,,,,,,,,,,,,,,Medium,No-Non,2004,No-Non,TrainingText 163,BusinessCaseSummary,0,0,0,2009-09-06 20:00,0,2008-03-10 20:00,IRAP,BC,,,,,,,93146.65133,44335.21854,94921.90874,56841.41605,20634.42184,61556.07195,72730.84598,80520.9633,,,,,,,,,,,,,,,,,,,,,,,,,,,,,,,,
No,No-Non,1000000,,,,,,,1,,,,,,,,,,,,,,,,,,,,,,,,,,,,,,,,,,,,,,,,Medium,No-Non,2004,No-Non,TrainingText 164,BusinessCaseSummary,0,0,0,2009-09-07 20:00,0,2008-03-11 20:00,IRAP,BC,,,,,,,7931.396423,11199.50557,59565.73245,57366.28414,44933.1474,56088.45313,77010.28908,79975.57862,,,,,,,,,,,,,,,,,,,,,,,,,,,,,,,,
No,No-Non,1000000,,,,,,,1,,,,,,,,,,,,,,,,,,,,,,,,,,,,,,,,,,,,,,,,Medium,No-Non,2004,No-Non,TrainingText 165,BusinessCaseSummary,0,0,0,2009-09-08 20:00,0,2008-03-12 20:00,IRAP,BC,,,,,,,28726.97513,20701.34183,66376.35195,49648.72454,45140.74467,44730.66307,29068.05306,29946.42647,,,,,,,,,,,,,,,,,,,,,,,,,,,,,,,,
No,No-Non,1000000,,,,,,,1,,,,,,,,,,,,,,,,,,,,,,,,,,,,,,,,,,,,,,,,Medium,No-Non,2004,No-Non,TrainingText 166,BusinessCaseSummary,0,0,0,2009-09-09 20:00,0,2008-03-13 20:00,IRAP,BC,,,,,,,64952.27576,13350.25442,83044.74897,43373.46671,1460.205558,32137.76539,80097.56601,68216.68744,,,,,,,,,,,,,,,,,,,,,,,,,,,,,,,,
No,No-Non,1000000,,,,,,,1,,,,,,,,,,,,,,,,,,,,,,,,,,,,,,,,,,,,,,,,Medium,No-Non,2004,No-Non,TrainingText 167,BusinessCaseSummary,0,0,0,2009-09-10 20:00,0,2008-03-14 20:00,IRAP,BC,,,,,,,17461.15219,68793.98138,36901.78674,30071.59396,84199.92296,5310.60539,29072.60643,23914.52233,,,,,,,,,,,,,,,,,,,,,,,,,,,,,,,,
No,No-Non,1000000,,,,,,,1,,,,,,,,,,,,,,,,,,,,,,,,,,,,,,,,,,,,,,,,Medium,No-Non,2004,No-Non,TrainingText 168,BusinessCaseSummary,0,0,0,2009-09-11 20:00,0,2008-03-15 20:00,IRAP,BC,,,,,,,37385.12808,62541.41442,85399.13016,80157.85761,45733.73493,42802.52333,27512.53825,2108.72656,,,,,,,,,,,,,,,,,,,,,,,,,,,,,,,,
No,No-Non,1000000,,,,,,,1,,,,,,,,,,,,,,,,,,,,,,,,,,,,,,,,,,,,,,,,Medium,No-Non,2004,No-Non,TrainingText 169,BusinessCaseSummary,0,0,0,2009-09-12 20:00,0,2008-03-16 20:00,IRAP,BC,,,,,,,78572.04332,57727.81494,29383.49696,90268.41497,93687.6842,25614.24351,21712.41923,62865.71485,,,,,,,,,,,,,,,,,,,,,,,,,,,,,,,,
No,No-Non,1000000,,,,,,,1,,,,,,,,,,,,,,,,,,,,,,,,,,,,,,,,,,,,,,,,Medium,No-Non,2004,No-Non,TrainingText 170,BusinessCaseSummary,0,0,0,2009-09-13 20:00,0,2008-03-17 20:00,IRAP,BC,,,,,,,75409.44548,53991.86,97871.10134,30156.68672,83028.17261,70996.06873,48766.29209,33110.75736,,,,,,,,,,,,,,,,,,,,,,,,,,,,,,,,
No,No-Non,1000000,,,,,,,1,,,,,,,,,,,,,,,,,,,,,,,,,,,,,,,,,,,,,,,,Medium,No-Non,2004,No-Non,TrainingText 171,BusinessCaseSummary,0,0,0,2009-09-14 20:00,0,2008-03-18 20:00,IRAP,BC,,,,,,,87335.57896,31103.92686,79105.80052,45588.61759,89305.29724,78109.2206,48519.4259,6307.427772,,,,,,,,,,,,,,,,,,,,,,,,,,,,,,,,
No,No-Non,1000000,,,,,,,1,,,,,,,,,,,,,,,,,,,,,,,,,,,,,,,,,,,,,,,,Medium,No-Non,2004,No-Non,TrainingText 172,BusinessCaseSummary,0,0,0,2009-09-15 20:00,0,2008-03-19 20:00,IRAP,BC,,,,,,,54757.40498,33520.54235,50007.24991,91157.82785,33662.83943,30315.71434,71024.69573,67517.19532,,,,,,,,,,,,,,,,,,,,,,,,,,,,,,,,
No,No-Non,1000000,,,,,,,1,,,,,,,,,,,,,,,,,,,,,,,,,,,,,,,,,,,,,,,,Medium,No-Non,2004,No-Non,TrainingText 173,BusinessCaseSummary,0,0,0,2009-09-16 20:00,0,2008-03-20 20:00,IRAP,BC,,,,,,,5215.431973,8389.429293,12081.92903,72299.73648,33415.22382,9149.379835,6802.370475,38077.90353,,,,,,,,,,,,,,,,,,,,,,,,,,,,,,,,
No,No-Non,1000000,,,,,,,1,,,,,,,,,,,,,,,,,,,,,,,,,,,,,,,,,,,,,,,,Medium,No-Non,2004,No-Non,TrainingText 174,BusinessCaseSummary,0,0,0,2009-09-17 20:00,0,2008-03-21 20:00,IRAP,BC,,,,,,,75125.88283,97751.52669,36312.05185,46239.86487,16481.92339,22570.92435,17407.85067,43086.98942,,,,,,,,,,,,,,,,,,,,,,,,,,,,,,,,
No,No-Non,1000000,,,,,,,1,,,,,,,,,,,,,,,,,,,,,,,,,,,,,,,,,,,,,,,,Medium,No-Non,2004,No-Non,TrainingText 175,BusinessCaseSummary,0,0,0,2009-09-18 20:00,0,2008-03-22 20:00,IRAP,BC,,,,,,,39218.92954,54413.24544,43519.6609,56635.54455,24871.17443,46605.77943,32827.14728,66601.03165,,,,,,,,,,,,,,,,,,,,,,,,,,,,,,,,
No,No-Non,1000000,,,,,,,1,,,,,,,,,,,,,,,,,,,,,,,,,,,,,,,,,,,,,,,,Medium,No-Non,2004,No-Non,TrainingText 176,BusinessCaseSummary,0,0,0,2009-09-19 20:00,0,2008-03-23 20:00,IRAP,BC,,,,,,,7686.985871,35803.42019,61911.26958,33945.96163,32964.76437,33756.9285,32911.79655,82225.97481,,,,,,,,,,,,,,,,,,,,,,,,,,,,,,,,
No,No-Non,1000000,,,,,,,1,,,,,,,,,,,,,,,,,,,,,,,,,,,,,,,,,,,,,,,,Medium,No-Non,2004,No-Non,TrainingText 177,BusinessCaseSummary,0,0,0,2009-09-20 20:00,0,2008-03-24 20:00,IRAP,BC,,,,,,,3416.736166,91082.20158,93975.35364,43624.88869,48435.10686,32069.96839,14298.49861,43096.03113,,,,,,,,,,,,,,,,,,,,,,,,,,,,,,,,
No,No-Non,1000000,,,,,,,1,,,,,,,,,,,,,,,,,,,,,,,,,,,,,,,,,,,,,,,,Medium,No-Non,2004,No-Non,TrainingText 178,BusinessCaseSummary,0,0,0,2009-08-31 20:00,0,2008-03-25 20:00,IRAP,NB,,,,,,,85968.08527,61752.15531,97118.70373,82219.09598,37285.74264,7060.591897,10012.16847,19070.93848,,,,,,,,,,,,,,,,,,,,,,,,,,,,,,,,
No,No-Non,1000000,,,,,,,1,,,,,,,,,,,,,,,,,,,,,,,,,,,,,,,,,,,,,,,,Medium,No-Non,2004,No-Non,TrainingText 179,BusinessCaseSummary,0,0,0,2009-09-01 20:00,0,2008-03-26 20:00,IRAP,BC,,,,,,,28147.3184,93261.76332,45518.50029,77149.56722,88013.22783,82139.60744,78767.65983,92377.56177,,,,,,,,,,,,,,,,,,,,,,,,,,,,,,,,
No,No-Non,1000000,,,,,,,1,,,,,,,,,,,,,,,,,,,,,,,,,,,,,,,,,,,,,,,,Medium,No-Non,2004,No-Non,TrainingText 180,BusinessCaseSummary,0,0,0,2009-09-02 20:00,0,2008-03-27 20:00,IRAP,PE,,,,,,,16960.48844,8251.936367,48840.62758,61099.20442,71893.2136,17962.70874,75047.09924,22329.52218,,,,,,,,,,,,,,,,,,,,,,,,,,,,,,,,
No,No-Non,1000000,,,,,,,1,,,,,,,,,,,,,,,,,,,,,,,,,,,,,,,,,,,,,,,,Medium,No-Non,2004,No-Non,TrainingText 181,BusinessCaseSummary,0,0,0,2009-09-03 20:00,0,2008-03-28 20:00,IRAP,BC,,,,,,,99043.27097,75958.17715,90946.60473,75468.55611,16797.43255,31627.18787,93792.467,38584.4388,,,,,,,,,,,,,,,,,,,,,,,,,,,,,,,,
No,No-Non,1000000,,,,,,,1,,,,,,,,,,,,,,,,,,,,,,,,,,,,,,,,,,,,,,,,Medium,No-Non,2004,No-Non,TrainingText 182,BusinessCaseSummary,0,0,0,2009-09-04 20:00,0,2008-03-29 20:00,IRAP,NL,,,,,,,15218.15679,42710.0428,70976.04337,37831.62217,38567.55764,79512.571,96071.53891,78384.60366,,,,,,,,,,,,,,,,,,,,,,,,,,,,,,,,
No,No-Non,1000000,,,,,,,1,,,,,,,,,,,,,,,,,,,,,,,,,,,,,,,,,,,,,,,,Medium,No-Non,2004,No-Non,TrainingText 183,BusinessCaseSummary,0,0,0,2009-09-05 20:00,0,2008-03-30 20:00,IRAP,BC,,,,,,,39129.94647,80070.5077,69810.50482,87831.92748,57667.62673,59047.51268,58968.4328,78430.48353,,,,,,,,,,,,,,,,,,,,,,,,,,,,,,,,
No,No-Non,1000000,,,,,,,1,,,,,,,,,,,,,,,,,,,,,,,,,,,,,,,,,,,,,,,,Medium,No-Non,2004,No-Non,TrainingText 184,BusinessCaseSummary,0,0,0,2009-09-06 20:00,0,2008-03-31 20:00,IRAP,NS,,,,,,,40064.95853,71683.34611,49518.91136,45861.46098,70121.02982,65262.65381,39637.11717,17455.73518,,,,,,,,,,,,,,,,,,,,,,,,,,,,,,,,
No,No-Non,1000000,,,,,,,1,,,,,,,,,,,,,,,,,,,,,,,,,,,,,,,,,,,,,,,,Medium,No-Non,2004,No-Non,TrainingText 185,BusinessCaseSummary,0,0,0,2009-09-07 20:00,0,2008-04-01 20:00,IRAP,BC,,,,,,,31322.80721,22627.99456,85299.53742,99033.72226,47324.27229,64032.14976,55495.26586,60701.36916,,,,,,,,,,,,,,,,,,,,,,,,,,,,,,,,
No,No-Non,1000000,,,,,,,1,,,,,,,,,,,,,,,,,,,,,,,,,,,,,,,,,,,,,,,,Medium,No-Non,2004,No-Non,TrainingText 186,BusinessCaseSummary,0,0,0,2009-09-08 20:00,0,2008-04-02 20:00,IRAP,BC,,,,,,,56029.39076,59333.45548,45709.93901,17798.60138,46806.7105,78800.36733,83440.93244,89296.17964,,,,,,,,,,,,,,,,,,,,,,,,,,,,,,,,
No,No-Non,1000000,,,,,,,1,,,,,,,,,,,,,,,,,,,,,,,,,,,,,,,,,,,,,,,,Medium,No-Non,2004,No-Non,TrainingText 187,BusinessCaseSummary,0,0,0,2009-09-09 20:00,0,2008-04-03 20:00,IRAP,BC,,,,,,,34671.86472,8594.780418,93309.65067,35437.62377,45870.34206,14359.72307,30434.75598,53212.2448,,,,,,,,,,,,,,,,,,,,,,,,,,,,,,,,
No,No-Non,1000000,,,,,,,1,,,,,,,,,,,,,,,,,,,,,,,,,,,,,,,,,,,,,,,,Medium,No-Non,2004,No-Non,TrainingText 188,BusinessCaseSummary,0,0,0,2009-09-10 20:00,0,2008-04-04 20:00,IRAP,BC,,,,,,,7932.36354,46650.90632,92411.26908,20360.60276,24130.77561,27771.34844,61024.72456,22651.19919,,,,,,,,,,,,,,,,,,,,,,,,,,,,,,,,
No,No-Non,1000000,,,,,,,1,,,,,,,,,,,,,,,,,,,,,,,,,,,,,,,,,,,,,,,,Medium,No-Non,2004,No-Non,TrainingText 189,BusinessCaseSummary,0,0,0,2009-09-11 20:00,0,2008-04-05 20:00,IRAP,NT,,,,,,,15287.75008,93019.00347,59077.2564,55367.40603,73932.34548,53995.93606,66653.8194,66453.93392,,,,,,,,,,,,,,,,,,,,,,,,,,,,,,,,
No,No-Non,1000000,,,,,,,1,,,,,,,,,,,,,,,,,,,,,,,,,,,,,,,,,,,,,,,,Medium,No-Non,2004,No-Non,TrainingText 190,BusinessCaseSummary,0,0,0,2009-09-12 20:00,0,2008-04-06 20:00,IRAP,BC,,,,,,,17568.80807,2081.012374,66649.21755,36753.31283,37924.01131,28989.41725,15510.64612,81711.84611,,,,,,,,,,,,,,,,,,,,,,,,,,,,,,,,
No,No-Non,1000000,,,,,,,1,,,,,,,,,,,,,,,,,,,,,,,,,,,,,,,,,,,,,,,,Medium,No-Non,2004,No-Non,TrainingText 191,BusinessCaseSummary,0,0,0,2009-09-13 20:00,0,2008-04-07 20:00,IRAP,ON,,,,,,,40338.32182,59870.10754,18777.07501,57585.96121,99923.07336,39590.22161,39376.22297,34840.72177,,,,,,,,,,,,,,,,,,,,,,,,,,,,,,,,
No,No-Non,1000000,,,,,,,1,,,,,,,,,,,,,,,,,,,,,,,,,,,,,,,,,,,,,,,,Medium,No-Non,2004,No-Non,TrainingText 192,BusinessCaseSummary,0,0,0,2009-09-14 20:00,0,2008-04-08 20:00,IRAP,BC,,,,,,,68474.38252,36386.91954,5612.332869,60986.76424,34109.64789,16433.85402,89171.17569,2141.845326,,,,,,,,,,,,,,,,,,,,,,,,,,,,,,,,
No,No-Non,1000000,,,,,,,1,,,,,,,,,,,,,,,,,,,,,,,,,,,,,,,,,,,,,,,,Medium,No-Non,2004,No-Non,TrainingText 193,BusinessCaseSummary,0,0,0,2009-09-15 20:00,0,2008-04-09 20:00,IRAP,BC,,,,,,,67806.11331,42837.98278,29019.78438,85386.51936,55473.36754,56781.72851,10607.748,57037.89834,,,,,,,,,,,,,,,,,,,,,,,,,,,,,,,,
No,No-Non,1000000,,,,,,,1,,,,,,,,,,,,,,,,,,,,,,,,,,,,,,,,,,,,,,,,Medium,No-Non,2004,No-Non,TrainingText 194,BusinessCaseSummary,0,0,0,2009-09-16 20:00,0,2008-04-10 20:00,IRAP,BC,,,,,,,20795.40634,47367.04979,37662.56257,29554.1553,30660.80034,74635.49733,49076.3503,74779.42811,,,,,,,,,,,,,,,,,,,,,,,,,,,,,,,,
No,No-Non,1000000,,,,,,,1,,,,,,,,,,,,,,,,,,,,,,,,,,,,,,,,,,,,,,,,Medium,No-Non,2004,No-Non,TrainingText 195,BusinessCaseSummary,0,0,0,2009-09-17 20:00,0,2008-04-11 20:00,IRAP,BC,,,,,,,43166.75528,5120.701803,96409.08958,44094.68505,83873.44264,44446.97782,37565.05876,39802.02144,,,,,,,,,,,,,,,,,,,,,,,,,,,,,,,,
No,No-Non,1000000,,,,,,,1,,,,,,,,,,,,,,,,,,,,,,,,,,,,,,,,,,,,,,,,Medium,No-Non,2004,No-Non,TrainingText 196,BusinessCaseSummary,0,0,0,2009-09-18 20:00,0,2008-04-12 20:00,IRAP,BC,,,,,,,99002.47855,8213.974075,2634.600864,737.0938005,44370.30977,33138.12714,3556.901859,21689.38394,,,,,,,,,,,,,,,,,,,,,,,,,,,,,,,,
No,No-Non,1000000,,,,,,,1,,,,,,,,,,,,,,,,,,,,,,,,,,,,,,,,,,,,,,,,Medium,No-Non,2004,No-Non,TrainingText 197,BusinessCaseSummary,0,0,0,2009-09-19 20:00,0,2008-04-13 20:00,IRAP,BC,,,,,,,92297.03378,37160.60278,49237.65331,56388.79291,32434.29384,627.417535,71915.94093,99584.3066,,,,,,,,,,,,,,,,,,,,,,,,,,,,,,,,
No,No-Non,1000000,,,,,,,1,,,,,,,,,,,,,,,,,,,,,,,,,,,,,,,,,,,,,,,,Medium,No-Non,2004,No-Non,TrainingText 198,BusinessCaseSummary,0,0,0,2009-09-20 20:00,0,2008-04-14 20:00,IRAP,BC,,,,,,,74372.37208,6025.610742,52418.54616,48161.61681,67248.91994,37694.54489,44608.54929,98336.2337,,,,,,,,,,,,,,,,,,,,,,,,,,,,,,,,
No,No-Non,1000000,,,,,,,1,,,,,,,,,,,,,,,,,,,,,,,,,,,,,,,,,,,,,,,,Medium,No-Non,2004,No-Non,TrainingText 199,BusinessCaseSummary,0,0,0,2009-09-21 20:00,0,2008-04-15 20:00,IRAP,BC,,,,,,,3599.430452,52678.00773,29241.56,55224.14456,75672.56669,26356.2109,62712.78577,47115.99226,,,,,,,,,,,,,,,,,,,,,,,,,,,,,,,,
No,No-Non,1000000,,,,,,,1,,,,,,,,,,,,,,,,,,,,,,,,,,,,,,,,,,,,,,,,Medium,No-Non,2004,No-Non,TrainingText 200,BusinessCaseSummary,0,0,0,2009-09-21 20:00,0,2008-04-15 20:00,IRAP,BC,,,,,,,75952.46149,35558.63165,76964.92444,81738.83468,74077.26637,48468.02033,31429.10112,67982.15004,,,,,,,,,,,,,,,,,,,,,,,,,,,,,,,,
